task_id,track,epic,epic_name,title,area,description,expected_outputs,acceptance_criteria,dependencies,complexity,owner,status,created_at
5D87D2CD,Greenfield #4 (Benchmark DSL),G0,TCB & Loader (micro-runtime),Loader — G0-01,Runtime,Build 'loader' for TCB & Loader (micro-runtime) with .lll-as-source-of-truth; generate AOT where possible; no business logic in TCB.,"['loader.rs_or_wasm', 'loader_tests.lll']","['Reproducible builds; deterministic semantics', 'Meets target SLO/throughput for epic', 'Shadow-run parity with interpreter (where applicable)']",,5,LLL-Runtime,Planned,2025-10-04T18:34:41.528413
2C9C95E4,Greenfield #4 (Benchmark DSL),G0,TCB & Loader (micro-runtime),Module-Signature-Verify — G0-02,Runtime,Build 'module-signature-verify' for TCB & Loader (micro-runtime) with .lll-as-source-of-truth; generate AOT where possible; no business logic in TCB.,"['module-signature-verify.rs_or_wasm', 'module-signature-verify_tests.lll']","['Reproducible builds; deterministic semantics', 'Meets target SLO/throughput for epic', 'Shadow-run parity with interpreter (where applicable)']",,5,LLL-Engine,Planned,2025-10-04T18:34:41.528413
C08BC26A,Greenfield #4 (Benchmark DSL),G0,TCB & Loader (micro-runtime),Capabilities-Enforce — G0-03,Runtime,Build 'capabilities-enforce' for TCB & Loader (micro-runtime) with .lll-as-source-of-truth; generate AOT where possible; no business logic in TCB.,"['capabilities-enforce.rs_or_wasm', 'capabilities-enforce_tests.lll']","['Reproducible builds; deterministic semantics', 'Meets target SLO/throughput for epic', 'Shadow-run parity with interpreter (where applicable)']",,4,LLL-Compiler,Planned,2025-10-04T18:34:41.528413
2335833E,Greenfield #4 (Benchmark DSL),G0,TCB & Loader (micro-runtime),Abi-Hostcalls — G0-04,Runtime,Build 'abi-hostcalls' for TCB & Loader (micro-runtime) with .lll-as-source-of-truth; generate AOT where possible; no business logic in TCB.,"['abi-hostcalls.rs_or_wasm', 'abi-hostcalls_tests.lll']","['Reproducible builds; deterministic semantics', 'Meets target SLO/throughput for epic', 'Shadow-run parity with interpreter (where applicable)']",,3,LLL-Policy,Planned,2025-10-04T18:34:41.528413
FA59C9D0,Greenfield #4 (Benchmark DSL),G0,TCB & Loader (micro-runtime),Io-Adapters — G0-05,Runtime,Build 'io-adapters' for TCB & Loader (micro-runtime) with .lll-as-source-of-truth; generate AOT where possible; no business logic in TCB.,"['io-adapters.rs_or_wasm', 'io-adapters_tests.lll']","['Reproducible builds; deterministic semantics', 'Meets target SLO/throughput for epic', 'Shadow-run parity with interpreter (where applicable)']",,5,LLL-Infra,Planned,2025-10-04T18:34:41.528413
FAEB7BC9,Greenfield #4 (Benchmark DSL),G0,TCB & Loader (micro-runtime),Lifecycle-Hooks — G0-06,Runtime,Build 'lifecycle-hooks' for TCB & Loader (micro-runtime) with .lll-as-source-of-truth; generate AOT where possible; no business logic in TCB.,"['lifecycle-hooks.rs_or_wasm', 'lifecycle-hooks_tests.lll']","['Reproducible builds; deterministic semantics', 'Meets target SLO/throughput for epic', 'Shadow-run parity with interpreter (where applicable)']",,3,LLL-Finance,Planned,2025-10-04T18:34:41.528413
98442E83,Greenfield #4 (Benchmark DSL),G0,TCB & Loader (micro-runtime),Panic-Strategy — G0-07,Runtime,Build 'panic-strategy' for TCB & Loader (micro-runtime) with .lll-as-source-of-truth; generate AOT where possible; no business logic in TCB.,"['panic-strategy.rs_or_wasm', 'panic-strategy_tests.lll']","['Reproducible builds; deterministic semantics', 'Meets target SLO/throughput for epic', 'Shadow-run parity with interpreter (where applicable)']",,4,LLL-Fed,Planned,2025-10-04T18:34:41.528413
7C7CB27D,Greenfield #4 (Benchmark DSL),G0,TCB & Loader (micro-runtime),Metrics-Bootstrap — G0-08,Runtime,Build 'metrics-bootstrap' for TCB & Loader (micro-runtime) with .lll-as-source-of-truth; generate AOT where possible; no business logic in TCB.,"['metrics-bootstrap.rs_or_wasm', 'metrics-bootstrap_tests.lll']","['Reproducible builds; deterministic semantics', 'Meets target SLO/throughput for epic', 'Shadow-run parity with interpreter (where applicable)']",,4,LLL-Engine,Planned,2025-10-04T18:34:41.528413
2962122B,Greenfield #4 (Benchmark DSL),G1,".lll Grammar & IR (EBNF, SSA/DFG+FSM)",Ebnf-Spec — G1-01,Compiler,"Build 'ebnf-spec' for .lll Grammar & IR (EBNF, SSA/DFG+FSM) with .lll-as-source-of-truth; generate AOT where possible; no business logic in TCB.","['ebnf-spec.rs_or_wasm', 'ebnf-spec_tests.lll']","['Reproducible builds; deterministic semantics', 'Meets target SLO/throughput for epic', 'Shadow-run parity with interpreter (where applicable)']",,3,LLL-QA,Planned,2025-10-04T18:34:41.528413
CB9C9B3C,Greenfield #4 (Benchmark DSL),G1,".lll Grammar & IR (EBNF, SSA/DFG+FSM)",Parser — G1-02,Compiler,"Build 'parser' for .lll Grammar & IR (EBNF, SSA/DFG+FSM) with .lll-as-source-of-truth; generate AOT where possible; no business logic in TCB.","['parser.rs_or_wasm', 'parser_tests.lll']","['Reproducible builds; deterministic semantics', 'Meets target SLO/throughput for epic', 'Shadow-run parity with interpreter (where applicable)']",,4,LLL-QA,Planned,2025-10-04T18:34:41.528413
85C66F75,Greenfield #4 (Benchmark DSL),G1,".lll Grammar & IR (EBNF, SSA/DFG+FSM)",Typechecker — G1-03,Compiler,"Build 'typechecker' for .lll Grammar & IR (EBNF, SSA/DFG+FSM) with .lll-as-source-of-truth; generate AOT where possible; no business logic in TCB.","['typechecker.rs_or_wasm', 'typechecker_tests.lll']","['Reproducible builds; deterministic semantics', 'Meets target SLO/throughput for epic', 'Shadow-run parity with interpreter (where applicable)']",,4,LLL-Finance,Planned,2025-10-04T18:34:41.528413
C65F2FAD,Greenfield #4 (Benchmark DSL),G1,".lll Grammar & IR (EBNF, SSA/DFG+FSM)",Ir-Ssa — G1-04,Compiler,"Build 'ir-ssa' for .lll Grammar & IR (EBNF, SSA/DFG+FSM) with .lll-as-source-of-truth; generate AOT where possible; no business logic in TCB.","['ir-ssa.rs_or_wasm', 'ir-ssa_tests.lll']","['Reproducible builds; deterministic semantics', 'Meets target SLO/throughput for epic', 'Shadow-run parity with interpreter (where applicable)']",,3,LLL-Runtime,Planned,2025-10-04T18:34:41.528413
906AE2DD,Greenfield #4 (Benchmark DSL),G1,".lll Grammar & IR (EBNF, SSA/DFG+FSM)",Fsm-Normalizer — G1-05,Compiler,"Build 'fsm-normalizer' for .lll Grammar & IR (EBNF, SSA/DFG+FSM) with .lll-as-source-of-truth; generate AOT where possible; no business logic in TCB.","['fsm-normalizer.rs_or_wasm', 'fsm-normalizer_tests.lll']","['Reproducible builds; deterministic semantics', 'Meets target SLO/throughput for epic', 'Shadow-run parity with interpreter (where applicable)']",,3,LLL-Fed,Planned,2025-10-04T18:34:41.528413
E15FAA35,Greenfield #4 (Benchmark DSL),G1,".lll Grammar & IR (EBNF, SSA/DFG+FSM)",Effect-System — G1-06,Compiler,"Build 'effect-system' for .lll Grammar & IR (EBNF, SSA/DFG+FSM) with .lll-as-source-of-truth; generate AOT where possible; no business logic in TCB.","['effect-system.rs_or_wasm', 'effect-system_tests.lll']","['Reproducible builds; deterministic semantics', 'Meets target SLO/throughput for epic', 'Shadow-run parity with interpreter (where applicable)']",,4,LLL-QA,Planned,2025-10-04T18:34:41.528413
67D470D3,Greenfield #4 (Benchmark DSL),G1,".lll Grammar & IR (EBNF, SSA/DFG+FSM)",Error-Model — G1-07,Compiler,"Build 'error-model' for .lll Grammar & IR (EBNF, SSA/DFG+FSM) with .lll-as-source-of-truth; generate AOT where possible; no business logic in TCB.","['error-model.rs_or_wasm', 'error-model_tests.lll']","['Reproducible builds; deterministic semantics', 'Meets target SLO/throughput for epic', 'Shadow-run parity with interpreter (where applicable)']",,3,LLL-Docs,Planned,2025-10-04T18:34:41.528413
5EBE922A,Greenfield #4 (Benchmark DSL),G1,".lll Grammar & IR (EBNF, SSA/DFG+FSM)",Policy-Nodes — G1-08,Compiler,"Build 'policy-nodes' for .lll Grammar & IR (EBNF, SSA/DFG+FSM) with .lll-as-source-of-truth; generate AOT where possible; no business logic in TCB.","['policy-nodes.rs_or_wasm', 'policy-nodes_tests.lll']","['Reproducible builds; deterministic semantics', 'Meets target SLO/throughput for epic', 'Shadow-run parity with interpreter (where applicable)']",,3,LLL-Policy,Planned,2025-10-04T18:34:41.528413
23CABB3D,Greenfield #4 (Benchmark DSL),G1,".lll Grammar & IR (EBNF, SSA/DFG+FSM)",Guard-Ir — G1-09,Compiler,"Build 'guard-ir' for .lll Grammar & IR (EBNF, SSA/DFG+FSM) with .lll-as-source-of-truth; generate AOT where possible; no business logic in TCB.","['guard-ir.rs_or_wasm', 'guard-ir_tests.lll']","['Reproducible builds; deterministic semantics', 'Meets target SLO/throughput for epic', 'Shadow-run parity with interpreter (where applicable)']",,5,LLL-Fed,Planned,2025-10-04T18:34:41.528413
C70C8C7E,Greenfield #4 (Benchmark DSL),G1,".lll Grammar & IR (EBNF, SSA/DFG+FSM)",Router-Ir — G1-10,Compiler,"Build 'router-ir' for .lll Grammar & IR (EBNF, SSA/DFG+FSM) with .lll-as-source-of-truth; generate AOT where possible; no business logic in TCB.","['router-ir.rs_or_wasm', 'router-ir_tests.lll']","['Reproducible builds; deterministic semantics', 'Meets target SLO/throughput for epic', 'Shadow-run parity with interpreter (where applicable)']",,3,LLL-Docs,Planned,2025-10-04T18:34:41.528413
930D8A57,Greenfield #4 (Benchmark DSL),G1,".lll Grammar & IR (EBNF, SSA/DFG+FSM)",Enzyme-Ir — G1-11,Compiler,"Build 'enzyme-ir' for .lll Grammar & IR (EBNF, SSA/DFG+FSM) with .lll-as-source-of-truth; generate AOT where possible; no business logic in TCB.","['enzyme-ir.rs_or_wasm', 'enzyme-ir_tests.lll']","['Reproducible builds; deterministic semantics', 'Meets target SLO/throughput for epic', 'Shadow-run parity with interpreter (where applicable)']",,3,LLL-Docs,Planned,2025-10-04T18:34:41.528413
0C5B805A,Greenfield #4 (Benchmark DSL),G1,".lll Grammar & IR (EBNF, SSA/DFG+FSM)",Api-Ir — G1-12,Compiler,"Build 'api-ir' for .lll Grammar & IR (EBNF, SSA/DFG+FSM) with .lll-as-source-of-truth; generate AOT where possible; no business logic in TCB.","['api-ir.rs_or_wasm', 'api-ir_tests.lll']","['Reproducible builds; deterministic semantics', 'Meets target SLO/throughput for epic', 'Shadow-run parity with interpreter (where applicable)']",,4,LLL-Engine,Planned,2025-10-04T18:34:41.528413
773FF42E,Greenfield #4 (Benchmark DSL),G2,Optimizer & Partial Evaluation,Partial-Eval — G2-01,Compiler,Build 'partial-eval' for Optimizer & Partial Evaluation with .lll-as-source-of-truth; generate AOT where possible; no business logic in TCB.,"['partial-eval.rs_or_wasm', 'partial-eval_tests.lll']","['Reproducible builds; deterministic semantics', 'Meets target SLO/throughput for epic', 'Shadow-run parity with interpreter (where applicable)']",,4,LLL-Docs,Planned,2025-10-04T18:34:41.528413
2201FCF0,Greenfield #4 (Benchmark DSL),G2,Optimizer & Partial Evaluation,Dead-Branch-Elim — G2-02,Compiler,Build 'dead-branch-elim' for Optimizer & Partial Evaluation with .lll-as-source-of-truth; generate AOT where possible; no business logic in TCB.,"['dead-branch-elim.rs_or_wasm', 'dead-branch-elim_tests.lll']","['Reproducible builds; deterministic semantics', 'Meets target SLO/throughput for epic', 'Shadow-run parity with interpreter (where applicable)']",,4,LLL-Runtime,Planned,2025-10-04T18:34:41.528413
5930C038,Greenfield #4 (Benchmark DSL),G2,Optimizer & Partial Evaluation,Const-Folding — G2-03,Compiler,Build 'const-folding' for Optimizer & Partial Evaluation with .lll-as-source-of-truth; generate AOT where possible; no business logic in TCB.,"['const-folding.rs_or_wasm', 'const-folding_tests.lll']","['Reproducible builds; deterministic semantics', 'Meets target SLO/throughput for epic', 'Shadow-run parity with interpreter (where applicable)']",,4,LLL-Policy,Planned,2025-10-04T18:34:41.528413
FA445559,Greenfield #4 (Benchmark DSL),G2,Optimizer & Partial Evaluation,Guard-Specialization — G2-04,Compiler,Build 'guard-specialization' for Optimizer & Partial Evaluation with .lll-as-source-of-truth; generate AOT where possible; no business logic in TCB.,"['guard-specialization.rs_or_wasm', 'guard-specialization_tests.lll']","['Reproducible builds; deterministic semantics', 'Meets target SLO/throughput for epic', 'Shadow-run parity with interpreter (where applicable)']",,5,LLL-Docs,Planned,2025-10-04T18:34:41.528413
36659CC2,Greenfield #4 (Benchmark DSL),G2,Optimizer & Partial Evaluation,Policy-Inlining — G2-05,Compiler,Build 'policy-inlining' for Optimizer & Partial Evaluation with .lll-as-source-of-truth; generate AOT where possible; no business logic in TCB.,"['policy-inlining.rs_or_wasm', 'policy-inlining_tests.lll']","['Reproducible builds; deterministic semantics', 'Meets target SLO/throughput for epic', 'Shadow-run parity with interpreter (where applicable)']",,5,LLL-Fed,Planned,2025-10-04T18:34:41.528413
9DDA0A48,Greenfield #4 (Benchmark DSL),G2,Optimizer & Partial Evaluation,Shape-Prop — G2-06,Compiler,Build 'shape-prop' for Optimizer & Partial Evaluation with .lll-as-source-of-truth; generate AOT where possible; no business logic in TCB.,"['shape-prop.rs_or_wasm', 'shape-prop_tests.lll']","['Reproducible builds; deterministic semantics', 'Meets target SLO/throughput for epic', 'Shadow-run parity with interpreter (where applicable)']",,3,LLL-Policy,Planned,2025-10-04T18:34:41.528413
B7B04797,Greenfield #4 (Benchmark DSL),G2,Optimizer & Partial Evaluation,Idempotency-Proofs — G2-07,Compiler,Build 'idempotency-proofs' for Optimizer & Partial Evaluation with .lll-as-source-of-truth; generate AOT where possible; no business logic in TCB.,"['idempotency-proofs.rs_or_wasm', 'idempotency-proofs_tests.lll']","['Reproducible builds; deterministic semantics', 'Meets target SLO/throughput for epic', 'Shadow-run parity with interpreter (where applicable)']",,3,LLL-Infra,Planned,2025-10-04T18:34:41.528413
E900D57D,Greenfield #4 (Benchmark DSL),G2,Optimizer & Partial Evaluation,Layout-Planner — G2-08,Compiler,Build 'layout-planner' for Optimizer & Partial Evaluation with .lll-as-source-of-truth; generate AOT where possible; no business logic in TCB.,"['layout-planner.rs_or_wasm', 'layout-planner_tests.lll']","['Reproducible builds; deterministic semantics', 'Meets target SLO/throughput for epic', 'Shadow-run parity with interpreter (where applicable)']",,3,LLL-Policy,Planned,2025-10-04T18:34:41.528413
BE8AFAB7,Greenfield #4 (Benchmark DSL),G2,Optimizer & Partial Evaluation,Index-Planner — G2-09,Compiler,Build 'index-planner' for Optimizer & Partial Evaluation with .lll-as-source-of-truth; generate AOT where possible; no business logic in TCB.,"['index-planner.rs_or_wasm', 'index-planner_tests.lll']","['Reproducible builds; deterministic semantics', 'Meets target SLO/throughput for epic', 'Shadow-run parity with interpreter (where applicable)']",,5,LLL-QA,Planned,2025-10-04T18:34:41.528413
CF73863D,Greenfield #4 (Benchmark DSL),G2,Optimizer & Partial Evaluation,Cost-Model — G2-10,Compiler,Build 'cost-model' for Optimizer & Partial Evaluation with .lll-as-source-of-truth; generate AOT where possible; no business logic in TCB.,"['cost-model.rs_or_wasm', 'cost-model_tests.lll']","['Reproducible builds; deterministic semantics', 'Meets target SLO/throughput for epic', 'Shadow-run parity with interpreter (where applicable)']",,4,LLL-Compiler,Planned,2025-10-04T18:34:41.528413
731AE533,Greenfield #4 (Benchmark DSL),G3,"AOT Backends (WASM, Rust/C)",Wasm-Backend — G3-01,Compiler,"Build 'wasm-backend' for AOT Backends (WASM, Rust/C) with .lll-as-source-of-truth; generate AOT where possible; no business logic in TCB.","['wasm-backend.rs_or_wasm', 'wasm-backend_tests.lll']","['Reproducible builds; deterministic semantics', 'Meets target SLO/throughput for epic', 'Shadow-run parity with interpreter (where applicable)']","5D87D2CD,2C9C95E4,C08BC26A,2962122B,CB9C9B3C,85C66F75,773FF42E,2201FCF0,5930C038",3,LLL-Finance,Planned,2025-10-04T18:34:41.528413
9F9F050B,Greenfield #4 (Benchmark DSL),G3,"AOT Backends (WASM, Rust/C)",Rustgen-Backend — G3-02,Compiler,"Build 'rustgen-backend' for AOT Backends (WASM, Rust/C) with .lll-as-source-of-truth; generate AOT where possible; no business logic in TCB.","['rustgen-backend.rs_or_wasm', 'rustgen-backend_tests.lll']","['Reproducible builds; deterministic semantics', 'Meets target SLO/throughput for epic', 'Shadow-run parity with interpreter (where applicable)']","5D87D2CD,2C9C95E4,C08BC26A,2962122B,CB9C9B3C,85C66F75,773FF42E,2201FCF0,5930C038",4,LLL-Finance,Planned,2025-10-04T18:34:41.528413
E7154A3E,Greenfield #4 (Benchmark DSL),G3,"AOT Backends (WASM, Rust/C)",Jit-Linker — G3-03,Compiler,"Build 'jit-linker' for AOT Backends (WASM, Rust/C) with .lll-as-source-of-truth; generate AOT where possible; no business logic in TCB.","['jit-linker.rs_or_wasm', 'jit-linker_tests.lll']","['Reproducible builds; deterministic semantics', 'Meets target SLO/throughput for epic', 'Shadow-run parity with interpreter (where applicable)']","5D87D2CD,2C9C95E4,C08BC26A,2962122B,CB9C9B3C,85C66F75,773FF42E,2201FCF0,5930C038",3,LLL-Fed,Planned,2025-10-04T18:34:41.528413
37C6A943,Greenfield #4 (Benchmark DSL),G3,"AOT Backends (WASM, Rust/C)",Aot-Cache — G3-04,Compiler,"Build 'aot-cache' for AOT Backends (WASM, Rust/C) with .lll-as-source-of-truth; generate AOT where possible; no business logic in TCB.","['aot-cache.rs_or_wasm', 'aot-cache_tests.lll']","['Reproducible builds; deterministic semantics', 'Meets target SLO/throughput for epic', 'Shadow-run parity with interpreter (where applicable)']","5D87D2CD,2C9C95E4,C08BC26A,2962122B,CB9C9B3C,85C66F75,773FF42E,2201FCF0,5930C038",4,LLL-Fed,Planned,2025-10-04T18:34:41.528413
E5E46F07,Greenfield #4 (Benchmark DSL),G3,"AOT Backends (WASM, Rust/C)",Rtlib-Min — G3-05,Compiler,"Build 'rtlib-min' for AOT Backends (WASM, Rust/C) with .lll-as-source-of-truth; generate AOT where possible; no business logic in TCB.","['rtlib-min.rs_or_wasm', 'rtlib-min_tests.lll']","['Reproducible builds; deterministic semantics', 'Meets target SLO/throughput for epic', 'Shadow-run parity with interpreter (where applicable)']","5D87D2CD,2C9C95E4,C08BC26A,2962122B,CB9C9B3C,85C66F75,773FF42E,2201FCF0,5930C038",4,LLL-Engine,Planned,2025-10-04T18:34:41.528413
6658D9B6,Greenfield #4 (Benchmark DSL),G3,"AOT Backends (WASM, Rust/C)",Vectorized-Json — G3-06,Compiler,"Build 'vectorized-json' for AOT Backends (WASM, Rust/C) with .lll-as-source-of-truth; generate AOT where possible; no business logic in TCB.","['vectorized-json.rs_or_wasm', 'vectorized-json_tests.lll']","['Reproducible builds; deterministic semantics', 'Meets target SLO/throughput for epic', 'Shadow-run parity with interpreter (where applicable)']","5D87D2CD,2C9C95E4,C08BC26A,2962122B,CB9C9B3C,85C66F75,773FF42E,2201FCF0,5930C038",3,LLL-Engine,Planned,2025-10-04T18:34:41.528413
C6D71CAC,Greenfield #4 (Benchmark DSL),G3,"AOT Backends (WASM, Rust/C)",Simd-Validate — G3-07,Compiler,"Build 'simd-validate' for AOT Backends (WASM, Rust/C) with .lll-as-source-of-truth; generate AOT where possible; no business logic in TCB.","['simd-validate.rs_or_wasm', 'simd-validate_tests.lll']","['Reproducible builds; deterministic semantics', 'Meets target SLO/throughput for epic', 'Shadow-run parity with interpreter (where applicable)']","5D87D2CD,2C9C95E4,C08BC26A,2962122B,CB9C9B3C,85C66F75,773FF42E,2201FCF0,5930C038",3,LLL-QA,Planned,2025-10-04T18:34:41.528413
9E017EFA,Greenfield #4 (Benchmark DSL),G3,"AOT Backends (WASM, Rust/C)",Event-Batching — G3-08,Compiler,"Build 'event-batching' for AOT Backends (WASM, Rust/C) with .lll-as-source-of-truth; generate AOT where possible; no business logic in TCB.","['event-batching.rs_or_wasm', 'event-batching_tests.lll']","['Reproducible builds; deterministic semantics', 'Meets target SLO/throughput for epic', 'Shadow-run parity with interpreter (where applicable)']","5D87D2CD,2C9C95E4,C08BC26A,2962122B,CB9C9B3C,85C66F75,773FF42E,2201FCF0,5930C038",3,LLL-Fed,Planned,2025-10-04T18:34:41.528413
9F328F49,Greenfield #4 (Benchmark DSL),G3,"AOT Backends (WASM, Rust/C)",Lock-Free-Queues — G3-09,Compiler,"Build 'lock-free-queues' for AOT Backends (WASM, Rust/C) with .lll-as-source-of-truth; generate AOT where possible; no business logic in TCB.","['lock-free-queues.rs_or_wasm', 'lock-free-queues_tests.lll']","['Reproducible builds; deterministic semantics', 'Meets target SLO/throughput for epic', 'Shadow-run parity with interpreter (where applicable)']","5D87D2CD,2C9C95E4,C08BC26A,2962122B,CB9C9B3C,85C66F75,773FF42E,2201FCF0,5930C038",3,LLL-QA,Planned,2025-10-04T18:34:41.528413
81CAFC49,Greenfield #4 (Benchmark DSL),G3,"AOT Backends (WASM, Rust/C)",Ring-Buffers — G3-10,Compiler,"Build 'ring-buffers' for AOT Backends (WASM, Rust/C) with .lll-as-source-of-truth; generate AOT where possible; no business logic in TCB.","['ring-buffers.rs_or_wasm', 'ring-buffers_tests.lll']","['Reproducible builds; deterministic semantics', 'Meets target SLO/throughput for epic', 'Shadow-run parity with interpreter (where applicable)']","5D87D2CD,2C9C95E4,C08BC26A,2962122B,CB9C9B3C,85C66F75,773FF42E,2201FCF0,5930C038",5,LLL-Compiler,Planned,2025-10-04T18:34:41.528413
07CFCB55,Greenfield #4 (Benchmark DSL),G3,"AOT Backends (WASM, Rust/C)",Arena-Alloc — G3-11,Compiler,"Build 'arena-alloc' for AOT Backends (WASM, Rust/C) with .lll-as-source-of-truth; generate AOT where possible; no business logic in TCB.","['arena-alloc.rs_or_wasm', 'arena-alloc_tests.lll']","['Reproducible builds; deterministic semantics', 'Meets target SLO/throughput for epic', 'Shadow-run parity with interpreter (where applicable)']","5D87D2CD,2C9C95E4,C08BC26A,2962122B,CB9C9B3C,85C66F75,773FF42E,2201FCF0,5930C038",4,LLL-Fed,Planned,2025-10-04T18:34:41.528413
73165535,Greenfield #4 (Benchmark DSL),G3,"AOT Backends (WASM, Rust/C)",Zero-Copy-Pipeline — G3-12,Compiler,"Build 'zero-copy-pipeline' for AOT Backends (WASM, Rust/C) with .lll-as-source-of-truth; generate AOT where possible; no business logic in TCB.","['zero-copy-pipeline.rs_or_wasm', 'zero-copy-pipeline_tests.lll']","['Reproducible builds; deterministic semantics', 'Meets target SLO/throughput for epic', 'Shadow-run parity with interpreter (where applicable)']","5D87D2CD,2C9C95E4,C08BC26A,2962122B,CB9C9B3C,85C66F75,773FF42E,2201FCF0,5930C038",3,LLL-Engine,Planned,2025-10-04T18:34:41.528413
6103D852,Greenfield #4 (Benchmark DSL),G4,Determinism & Sandbox,Deterministic-Clock — G4-01,Security,Build 'deterministic-clock' for Determinism & Sandbox with .lll-as-source-of-truth; generate AOT where possible; no business logic in TCB.,"['deterministic-clock.rs_or_wasm', 'deterministic-clock_tests.lll']","['Reproducible builds; deterministic semantics', 'Meets target SLO/throughput for epic', 'Shadow-run parity with interpreter (where applicable)']","5D87D2CD,2C9C95E4,C08BC26A,2962122B,CB9C9B3C,85C66F75,773FF42E,2201FCF0,5930C038",4,LLL-Policy,Planned,2025-10-04T18:34:41.528413
A29D2163,Greenfield #4 (Benchmark DSL),G4,Determinism & Sandbox,Seeded-Rand — G4-02,Security,Build 'seeded-rand' for Determinism & Sandbox with .lll-as-source-of-truth; generate AOT where possible; no business logic in TCB.,"['seeded-rand.rs_or_wasm', 'seeded-rand_tests.lll']","['Reproducible builds; deterministic semantics', 'Meets target SLO/throughput for epic', 'Shadow-run parity with interpreter (where applicable)']","5D87D2CD,2C9C95E4,C08BC26A,2962122B,CB9C9B3C,85C66F75,773FF42E,2201FCF0,5930C038",4,LLL-Runtime,Planned,2025-10-04T18:34:41.528413
DD5ECB4C,Greenfield #4 (Benchmark DSL),G4,Determinism & Sandbox,Capability-Tokens — G4-03,Security,Build 'capability-tokens' for Determinism & Sandbox with .lll-as-source-of-truth; generate AOT where possible; no business logic in TCB.,"['capability-tokens.rs_or_wasm', 'capability-tokens_tests.lll']","['Reproducible builds; deterministic semantics', 'Meets target SLO/throughput for epic', 'Shadow-run parity with interpreter (where applicable)']","5D87D2CD,2C9C95E4,C08BC26A,2962122B,CB9C9B3C,85C66F75,773FF42E,2201FCF0,5930C038",4,LLL-Fed,Planned,2025-10-04T18:34:41.528413
89E751BE,Greenfield #4 (Benchmark DSL),G4,Determinism & Sandbox,Sandbox-Limits — G4-04,Security,Build 'sandbox-limits' for Determinism & Sandbox with .lll-as-source-of-truth; generate AOT where possible; no business logic in TCB.,"['sandbox-limits.rs_or_wasm', 'sandbox-limits_tests.lll']","['Reproducible builds; deterministic semantics', 'Meets target SLO/throughput for epic', 'Shadow-run parity with interpreter (where applicable)']","5D87D2CD,2C9C95E4,C08BC26A,2962122B,CB9C9B3C,85C66F75,773FF42E,2201FCF0,5930C038",3,LLL-Infra,Planned,2025-10-04T18:34:41.528413
109F471F,Greenfield #4 (Benchmark DSL),G4,Determinism & Sandbox,Side-Effect-Gates — G4-05,Security,Build 'side-effect-gates' for Determinism & Sandbox with .lll-as-source-of-truth; generate AOT where possible; no business logic in TCB.,"['side-effect-gates.rs_or_wasm', 'side-effect-gates_tests.lll']","['Reproducible builds; deterministic semantics', 'Meets target SLO/throughput for epic', 'Shadow-run parity with interpreter (where applicable)']","5D87D2CD,2C9C95E4,C08BC26A,2962122B,CB9C9B3C,85C66F75,773FF42E,2201FCF0,5930C038",4,LLL-Infra,Planned,2025-10-04T18:34:41.528413
2AC7ED5A,Greenfield #4 (Benchmark DSL),G4,Determinism & Sandbox,Provenance-Core — G4-06,Security,Build 'provenance-core' for Determinism & Sandbox with .lll-as-source-of-truth; generate AOT where possible; no business logic in TCB.,"['provenance-core.rs_or_wasm', 'provenance-core_tests.lll']","['Reproducible builds; deterministic semantics', 'Meets target SLO/throughput for epic', 'Shadow-run parity with interpreter (where applicable)']","5D87D2CD,2C9C95E4,C08BC26A,2962122B,CB9C9B3C,85C66F75,773FF42E,2201FCF0,5930C038",3,LLL-Runtime,Planned,2025-10-04T18:34:41.528413
56EA9D35,Greenfield #4 (Benchmark DSL),G4,Determinism & Sandbox,Audit-Worm — G4-07,Security,Build 'audit-worm' for Determinism & Sandbox with .lll-as-source-of-truth; generate AOT where possible; no business logic in TCB.,"['audit-worm.rs_or_wasm', 'audit-worm_tests.lll']","['Reproducible builds; deterministic semantics', 'Meets target SLO/throughput for epic', 'Shadow-run parity with interpreter (where applicable)']","5D87D2CD,2C9C95E4,C08BC26A,2962122B,CB9C9B3C,85C66F75,773FF42E,2201FCF0,5930C038",3,LLL-Runtime,Planned,2025-10-04T18:34:41.528413
16E1810C,Greenfield #4 (Benchmark DSL),G4,Determinism & Sandbox,Threat-Model — G4-08,Security,Build 'threat-model' for Determinism & Sandbox with .lll-as-source-of-truth; generate AOT where possible; no business logic in TCB.,"['threat-model.rs_or_wasm', 'threat-model_tests.lll']","['Reproducible builds; deterministic semantics', 'Meets target SLO/throughput for epic', 'Shadow-run parity with interpreter (where applicable)']","5D87D2CD,2C9C95E4,C08BC26A,2962122B,CB9C9B3C,85C66F75,773FF42E,2201FCF0,5930C038",3,LLL-Runtime,Planned,2025-10-04T18:34:41.528413
CD8054CE,Greenfield #4 (Benchmark DSL),G4,Determinism & Sandbox,Fuzz-Contracts — G4-09,Security,Build 'fuzz-contracts' for Determinism & Sandbox with .lll-as-source-of-truth; generate AOT where possible; no business logic in TCB.,"['fuzz-contracts.rs_or_wasm', 'fuzz-contracts_tests.lll']","['Reproducible builds; deterministic semantics', 'Meets target SLO/throughput for epic', 'Shadow-run parity with interpreter (where applicable)']","5D87D2CD,2C9C95E4,C08BC26A,2962122B,CB9C9B3C,85C66F75,773FF42E,2201FCF0,5930C038",5,LLL-QA,Planned,2025-10-04T18:34:41.528413
108BCAEB,Greenfield #4 (Benchmark DSL),G5,Ingress Kernel (eBPF/XDP optional),Ebpf-Filter — G5-01,Ingress,Build 'ebpf-filter' for Ingress Kernel (eBPF/XDP optional) with .lll-as-source-of-truth; generate AOT where possible; no business logic in TCB.,"['ebpf-filter.rs_or_wasm', 'ebpf-filter_tests.lll']","['Reproducible builds; deterministic semantics', 'Meets target SLO/throughput for epic', 'Shadow-run parity with interpreter (where applicable)']","5D87D2CD,2C9C95E4,C08BC26A,2962122B,CB9C9B3C,85C66F75,773FF42E,2201FCF0,5930C038",3,LLL-QA,Planned,2025-10-04T18:34:41.528413
FF37FDAC,Greenfield #4 (Benchmark DSL),G5,Ingress Kernel (eBPF/XDP optional),Xdp-Normalizer — G5-02,Ingress,Build 'xdp-normalizer' for Ingress Kernel (eBPF/XDP optional) with .lll-as-source-of-truth; generate AOT where possible; no business logic in TCB.,"['xdp-normalizer.rs_or_wasm', 'xdp-normalizer_tests.lll']","['Reproducible builds; deterministic semantics', 'Meets target SLO/throughput for epic', 'Shadow-run parity with interpreter (where applicable)']","5D87D2CD,2C9C95E4,C08BC26A,2962122B,CB9C9B3C,85C66F75,773FF42E,2201FCF0,5930C038",4,LLL-Runtime,Planned,2025-10-04T18:34:41.528413
B367B5D5,Greenfield #4 (Benchmark DSL),G5,Ingress Kernel (eBPF/XDP optional),Early-Tenant-Mark — G5-03,Ingress,Build 'early-tenant-mark' for Ingress Kernel (eBPF/XDP optional) with .lll-as-source-of-truth; generate AOT where possible; no business logic in TCB.,"['early-tenant-mark.rs_or_wasm', 'early-tenant-mark_tests.lll']","['Reproducible builds; deterministic semantics', 'Meets target SLO/throughput for epic', 'Shadow-run parity with interpreter (where applicable)']","5D87D2CD,2C9C95E4,C08BC26A,2962122B,CB9C9B3C,85C66F75,773FF42E,2201FCF0,5930C038",5,LLL-Docs,Planned,2025-10-04T18:34:41.528413
EEDAEF6A,Greenfield #4 (Benchmark DSL),G5,Ingress Kernel (eBPF/XDP optional),Sig-Precheck — G5-04,Ingress,Build 'sig-precheck' for Ingress Kernel (eBPF/XDP optional) with .lll-as-source-of-truth; generate AOT where possible; no business logic in TCB.,"['sig-precheck.rs_or_wasm', 'sig-precheck_tests.lll']","['Reproducible builds; deterministic semantics', 'Meets target SLO/throughput for epic', 'Shadow-run parity with interpreter (where applicable)']","5D87D2CD,2C9C95E4,C08BC26A,2962122B,CB9C9B3C,85C66F75,773FF42E,2201FCF0,5930C038",3,LLL-Compiler,Planned,2025-10-04T18:34:41.528413
0BFF4265,Greenfield #4 (Benchmark DSL),G5,Ingress Kernel (eBPF/XDP optional),Payload-Sampler — G5-05,Ingress,Build 'payload-sampler' for Ingress Kernel (eBPF/XDP optional) with .lll-as-source-of-truth; generate AOT where possible; no business logic in TCB.,"['payload-sampler.rs_or_wasm', 'payload-sampler_tests.lll']","['Reproducible builds; deterministic semantics', 'Meets target SLO/throughput for epic', 'Shadow-run parity with interpreter (where applicable)']","5D87D2CD,2C9C95E4,C08BC26A,2962122B,CB9C9B3C,85C66F75,773FF42E,2201FCF0,5930C038",3,LLL-Engine,Planned,2025-10-04T18:34:41.528413
B599B16E,Greenfield #4 (Benchmark DSL),G5,Ingress Kernel (eBPF/XDP optional),Lossy-Guard — G5-06,Ingress,Build 'lossy-guard' for Ingress Kernel (eBPF/XDP optional) with .lll-as-source-of-truth; generate AOT where possible; no business logic in TCB.,"['lossy-guard.rs_or_wasm', 'lossy-guard_tests.lll']","['Reproducible builds; deterministic semantics', 'Meets target SLO/throughput for epic', 'Shadow-run parity with interpreter (where applicable)']","5D87D2CD,2C9C95E4,C08BC26A,2962122B,CB9C9B3C,85C66F75,773FF42E,2201FCF0,5930C038",5,LLL-Runtime,Planned,2025-10-04T18:34:41.528413
B4B877D4,Greenfield #4 (Benchmark DSL),G5,Ingress Kernel (eBPF/XDP optional),Drop-Policies — G5-07,Ingress,Build 'drop-policies' for Ingress Kernel (eBPF/XDP optional) with .lll-as-source-of-truth; generate AOT where possible; no business logic in TCB.,"['drop-policies.rs_or_wasm', 'drop-policies_tests.lll']","['Reproducible builds; deterministic semantics', 'Meets target SLO/throughput for epic', 'Shadow-run parity with interpreter (where applicable)']","5D87D2CD,2C9C95E4,C08BC26A,2962122B,CB9C9B3C,85C66F75,773FF42E,2201FCF0,5930C038",4,LLL-Policy,Planned,2025-10-04T18:34:41.528413
A18C777E,Greenfield #4 (Benchmark DSL),G5,Ingress Kernel (eBPF/XDP optional),Kernel-Metrics — G5-08,Ingress,Build 'kernel-metrics' for Ingress Kernel (eBPF/XDP optional) with .lll-as-source-of-truth; generate AOT where possible; no business logic in TCB.,"['kernel-metrics.rs_or_wasm', 'kernel-metrics_tests.lll']","['Reproducible builds; deterministic semantics', 'Meets target SLO/throughput for epic', 'Shadow-run parity with interpreter (where applicable)']","5D87D2CD,2C9C95E4,C08BC26A,2962122B,CB9C9B3C,85C66F75,773FF42E,2201FCF0,5930C038",3,LLL-Compiler,Planned,2025-10-04T18:34:41.528413
2F8B0E85,Greenfield #4 (Benchmark DSL),G6,Routers/Policies/Workflows in .lll,Router.Lll — G6-01,Rules,Build 'router.lll' for Routers/Policies/Workflows in .lll with .lll-as-source-of-truth; generate AOT where possible; no business logic in TCB.,"['router.lll.lll', 'router.lll_tests.lll']","['Reproducible builds; deterministic semantics', 'Meets target SLO/throughput for epic', 'Shadow-run parity with interpreter (where applicable)']","5D87D2CD,2C9C95E4,C08BC26A,2962122B,CB9C9B3C,85C66F75,773FF42E,2201FCF0,5930C038",4,LLL-Policy,Planned,2025-10-04T18:34:41.528413
2B589D35,Greenfield #4 (Benchmark DSL),G6,Routers/Policies/Workflows in .lll,Policy.Lll — G6-02,Rules,Build 'policy.lll' for Routers/Policies/Workflows in .lll with .lll-as-source-of-truth; generate AOT where possible; no business logic in TCB.,"['policy.lll.lll', 'policy.lll_tests.lll']","['Reproducible builds; deterministic semantics', 'Meets target SLO/throughput for epic', 'Shadow-run parity with interpreter (where applicable)']","5D87D2CD,2C9C95E4,C08BC26A,2962122B,CB9C9B3C,85C66F75,773FF42E,2201FCF0,5930C038",4,LLL-Docs,Planned,2025-10-04T18:34:41.528413
54509748,Greenfield #4 (Benchmark DSL),G6,Routers/Policies/Workflows in .lll,Workflow.Lll — G6-03,Rules,Build 'workflow.lll' for Routers/Policies/Workflows in .lll with .lll-as-source-of-truth; generate AOT where possible; no business logic in TCB.,"['workflow.lll.lll', 'workflow.lll_tests.lll']","['Reproducible builds; deterministic semantics', 'Meets target SLO/throughput for epic', 'Shadow-run parity with interpreter (where applicable)']","5D87D2CD,2C9C95E4,C08BC26A,2962122B,CB9C9B3C,85C66F75,773FF42E,2201FCF0,5930C038",3,LLL-Fed,Planned,2025-10-04T18:34:41.528413
1A7D1FE6,Greenfield #4 (Benchmark DSL),G6,Routers/Policies/Workflows in .lll,Enzyme.Lll — G6-04,Rules,Build 'enzyme.lll' for Routers/Policies/Workflows in .lll with .lll-as-source-of-truth; generate AOT where possible; no business logic in TCB.,"['enzyme.lll.lll', 'enzyme.lll_tests.lll']","['Reproducible builds; deterministic semantics', 'Meets target SLO/throughput for epic', 'Shadow-run parity with interpreter (where applicable)']","5D87D2CD,2C9C95E4,C08BC26A,2962122B,CB9C9B3C,85C66F75,773FF42E,2201FCF0,5930C038",4,LLL-Docs,Planned,2025-10-04T18:34:41.528413
59573352,Greenfield #4 (Benchmark DSL),G6,Routers/Policies/Workflows in .lll,Api.Lll — G6-05,Rules,Build 'api.lll' for Routers/Policies/Workflows in .lll with .lll-as-source-of-truth; generate AOT where possible; no business logic in TCB.,"['api.lll.lll', 'api.lll_tests.lll']","['Reproducible builds; deterministic semantics', 'Meets target SLO/throughput for epic', 'Shadow-run parity with interpreter (where applicable)']","5D87D2CD,2C9C95E4,C08BC26A,2962122B,CB9C9B3C,85C66F75,773FF42E,2201FCF0,5930C038",4,LLL-Runtime,Planned,2025-10-04T18:34:41.528413
9A3CC10D,Greenfield #4 (Benchmark DSL),G6,Routers/Policies/Workflows in .lll,Validator.Lll — G6-06,Rules,Build 'validator.lll' for Routers/Policies/Workflows in .lll with .lll-as-source-of-truth; generate AOT where possible; no business logic in TCB.,"['validator.lll.lll', 'validator.lll_tests.lll']","['Reproducible builds; deterministic semantics', 'Meets target SLO/throughput for epic', 'Shadow-run parity with interpreter (where applicable)']","5D87D2CD,2C9C95E4,C08BC26A,2962122B,CB9C9B3C,85C66F75,773FF42E,2201FCF0,5930C038",3,LLL-Fed,Planned,2025-10-04T18:34:41.528413
917AE3FC,Greenfield #4 (Benchmark DSL),G6,Routers/Policies/Workflows in .lll,Normalizer.Lll — G6-07,Rules,Build 'normalizer.lll' for Routers/Policies/Workflows in .lll with .lll-as-source-of-truth; generate AOT where possible; no business logic in TCB.,"['normalizer.lll.lll', 'normalizer.lll_tests.lll']","['Reproducible builds; deterministic semantics', 'Meets target SLO/throughput for epic', 'Shadow-run parity with interpreter (where applicable)']","5D87D2CD,2C9C95E4,C08BC26A,2962122B,CB9C9B3C,85C66F75,773FF42E,2201FCF0,5930C038",4,LLL-Docs,Planned,2025-10-04T18:34:41.528413
919EBE9B,Greenfield #4 (Benchmark DSL),G6,Routers/Policies/Workflows in .lll,Rate-Limit.Lll — G6-08,Rules,Build 'rate-limit.lll' for Routers/Policies/Workflows in .lll with .lll-as-source-of-truth; generate AOT where possible; no business logic in TCB.,"['rate-limit.lll.lll', 'rate-limit.lll_tests.lll']","['Reproducible builds; deterministic semantics', 'Meets target SLO/throughput for epic', 'Shadow-run parity with interpreter (where applicable)']","5D87D2CD,2C9C95E4,C08BC26A,2962122B,CB9C9B3C,85C66F75,773FF42E,2201FCF0,5930C038",4,LLL-Docs,Planned,2025-10-04T18:34:41.528413
7A98717C,Greenfield #4 (Benchmark DSL),G6,Routers/Policies/Workflows in .lll,Dedup.Lll — G6-09,Rules,Build 'dedup.lll' for Routers/Policies/Workflows in .lll with .lll-as-source-of-truth; generate AOT where possible; no business logic in TCB.,"['dedup.lll.lll', 'dedup.lll_tests.lll']","['Reproducible builds; deterministic semantics', 'Meets target SLO/throughput for epic', 'Shadow-run parity with interpreter (where applicable)']","5D87D2CD,2C9C95E4,C08BC26A,2962122B,CB9C9B3C,85C66F75,773FF42E,2201FCF0,5930C038",3,LLL-Docs,Planned,2025-10-04T18:34:41.528413
EA56F688,Greenfield #4 (Benchmark DSL),G6,Routers/Policies/Workflows in .lll,Retry.Lll — G6-10,Rules,Build 'retry.lll' for Routers/Policies/Workflows in .lll with .lll-as-source-of-truth; generate AOT where possible; no business logic in TCB.,"['retry.lll.lll', 'retry.lll_tests.lll']","['Reproducible builds; deterministic semantics', 'Meets target SLO/throughput for epic', 'Shadow-run parity with interpreter (where applicable)']","5D87D2CD,2C9C95E4,C08BC26A,2962122B,CB9C9B3C,85C66F75,773FF42E,2201FCF0,5930C038",3,LLL-Docs,Planned,2025-10-04T18:34:41.528413
F54FF4F5,Greenfield #4 (Benchmark DSL),G6,Routers/Policies/Workflows in .lll,Saga.Lll — G6-11,Rules,Build 'saga.lll' for Routers/Policies/Workflows in .lll with .lll-as-source-of-truth; generate AOT where possible; no business logic in TCB.,"['saga.lll.lll', 'saga.lll_tests.lll']","['Reproducible builds; deterministic semantics', 'Meets target SLO/throughput for epic', 'Shadow-run parity with interpreter (where applicable)']","5D87D2CD,2C9C95E4,C08BC26A,2962122B,CB9C9B3C,85C66F75,773FF42E,2201FCF0,5930C038",5,LLL-Compiler,Planned,2025-10-04T18:34:41.528413
FCC126A3,Greenfield #4 (Benchmark DSL),G6,Routers/Policies/Workflows in .lll,Quorum.Lll — G6-12,Rules,Build 'quorum.lll' for Routers/Policies/Workflows in .lll with .lll-as-source-of-truth; generate AOT where possible; no business logic in TCB.,"['quorum.lll.lll', 'quorum.lll_tests.lll']","['Reproducible builds; deterministic semantics', 'Meets target SLO/throughput for epic', 'Shadow-run parity with interpreter (where applicable)']","5D87D2CD,2C9C95E4,C08BC26A,2962122B,CB9C9B3C,85C66F75,773FF42E,2201FCF0,5930C038",4,LLL-Runtime,Planned,2025-10-04T18:34:41.528413
6C1303FD,Greenfield #4 (Benchmark DSL),G7,Banking/Wallet & Receipts in .lll,Wallet.Lll — G7-01,Finance,Build 'wallet.lll' for Banking/Wallet & Receipts in .lll with .lll-as-source-of-truth; generate AOT where possible; no business logic in TCB.,"['wallet.lll.lll', 'wallet.lll_tests.lll']","['Reproducible builds; deterministic semantics', 'Meets target SLO/throughput for epic', 'Shadow-run parity with interpreter (where applicable)']","5D87D2CD,2C9C95E4,C08BC26A,2962122B,CB9C9B3C,85C66F75,773FF42E,2201FCF0,5930C038",5,LLL-Compiler,Planned,2025-10-04T18:34:41.528413
8DD3BAB4,Greenfield #4 (Benchmark DSL),G7,Banking/Wallet & Receipts in .lll,Limits.Lll — G7-02,Finance,Build 'limits.lll' for Banking/Wallet & Receipts in .lll with .lll-as-source-of-truth; generate AOT where possible; no business logic in TCB.,"['limits.lll.lll', 'limits.lll_tests.lll']","['Reproducible builds; deterministic semantics', 'Meets target SLO/throughput for epic', 'Shadow-run parity with interpreter (where applicable)']","5D87D2CD,2C9C95E4,C08BC26A,2962122B,CB9C9B3C,85C66F75,773FF42E,2201FCF0,5930C038",3,LLL-Runtime,Planned,2025-10-04T18:34:41.528413
82E5DEB6,Greenfield #4 (Benchmark DSL),G7,Banking/Wallet & Receipts in .lll,Receipts.Lll — G7-03,Finance,Build 'receipts.lll' for Banking/Wallet & Receipts in .lll with .lll-as-source-of-truth; generate AOT where possible; no business logic in TCB.,"['receipts.lll.lll', 'receipts.lll_tests.lll']","['Reproducible builds; deterministic semantics', 'Meets target SLO/throughput for epic', 'Shadow-run parity with interpreter (where applicable)']","5D87D2CD,2C9C95E4,C08BC26A,2962122B,CB9C9B3C,85C66F75,773FF42E,2201FCF0,5930C038",3,LLL-QA,Planned,2025-10-04T18:34:41.528413
23D08CC7,Greenfield #4 (Benchmark DSL),G7,Banking/Wallet & Receipts in .lll,Dual-Approval.Lll — G7-04,Finance,Build 'dual-approval.lll' for Banking/Wallet & Receipts in .lll with .lll-as-source-of-truth; generate AOT where possible; no business logic in TCB.,"['dual-approval.lll.lll', 'dual-approval.lll_tests.lll']","['Reproducible builds; deterministic semantics', 'Meets target SLO/throughput for epic', 'Shadow-run parity with interpreter (where applicable)']","5D87D2CD,2C9C95E4,C08BC26A,2962122B,CB9C9B3C,85C66F75,773FF42E,2201FCF0,5930C038",5,LLL-Engine,Planned,2025-10-04T18:34:41.528413
3F204BDA,Greenfield #4 (Benchmark DSL),G7,Banking/Wallet & Receipts in .lll,Alerts.Lll — G7-05,Finance,Build 'alerts.lll' for Banking/Wallet & Receipts in .lll with .lll-as-source-of-truth; generate AOT where possible; no business logic in TCB.,"['alerts.lll.lll', 'alerts.lll_tests.lll']","['Reproducible builds; deterministic semantics', 'Meets target SLO/throughput for epic', 'Shadow-run parity with interpreter (where applicable)']","5D87D2CD,2C9C95E4,C08BC26A,2962122B,CB9C9B3C,85C66F75,773FF42E,2201FCF0,5930C038",5,LLL-Compiler,Planned,2025-10-04T18:34:41.528413
0FD3621E,Greenfield #4 (Benchmark DSL),G7,Banking/Wallet & Receipts in .lll,Reconcile.Lll — G7-06,Finance,Build 'reconcile.lll' for Banking/Wallet & Receipts in .lll with .lll-as-source-of-truth; generate AOT where possible; no business logic in TCB.,"['reconcile.lll.lll', 'reconcile.lll_tests.lll']","['Reproducible builds; deterministic semantics', 'Meets target SLO/throughput for epic', 'Shadow-run parity with interpreter (where applicable)']","5D87D2CD,2C9C95E4,C08BC26A,2962122B,CB9C9B3C,85C66F75,773FF42E,2201FCF0,5930C038",4,LLL-Docs,Planned,2025-10-04T18:34:41.528413
7EF5DE7A,Greenfield #4 (Benchmark DSL),G7,Banking/Wallet & Receipts in .lll,Freeze.Lll — G7-07,Finance,Build 'freeze.lll' for Banking/Wallet & Receipts in .lll with .lll-as-source-of-truth; generate AOT where possible; no business logic in TCB.,"['freeze.lll.lll', 'freeze.lll_tests.lll']","['Reproducible builds; deterministic semantics', 'Meets target SLO/throughput for epic', 'Shadow-run parity with interpreter (where applicable)']","5D87D2CD,2C9C95E4,C08BC26A,2962122B,CB9C9B3C,85C66F75,773FF42E,2201FCF0,5930C038",5,LLL-Docs,Planned,2025-10-04T18:34:41.528413
906721A0,Greenfield #4 (Benchmark DSL),G7,Banking/Wallet & Receipts in .lll,Fees.Lll — G7-08,Finance,Build 'fees.lll' for Banking/Wallet & Receipts in .lll with .lll-as-source-of-truth; generate AOT where possible; no business logic in TCB.,"['fees.lll.lll', 'fees.lll_tests.lll']","['Reproducible builds; deterministic semantics', 'Meets target SLO/throughput for epic', 'Shadow-run parity with interpreter (where applicable)']","5D87D2CD,2C9C95E4,C08BC26A,2962122B,CB9C9B3C,85C66F75,773FF42E,2201FCF0,5930C038",4,LLL-Engine,Planned,2025-10-04T18:34:41.528413
E2055111,Greenfield #4 (Benchmark DSL),G7,Banking/Wallet & Receipts in .lll,Chargeback.Lll — G7-09,Finance,Build 'chargeback.lll' for Banking/Wallet & Receipts in .lll with .lll-as-source-of-truth; generate AOT where possible; no business logic in TCB.,"['chargeback.lll.lll', 'chargeback.lll_tests.lll']","['Reproducible builds; deterministic semantics', 'Meets target SLO/throughput for epic', 'Shadow-run parity with interpreter (where applicable)']","5D87D2CD,2C9C95E4,C08BC26A,2962122B,CB9C9B3C,85C66F75,773FF42E,2201FCF0,5930C038",5,LLL-Compiler,Planned,2025-10-04T18:34:41.528413
86B26826,Greenfield #4 (Benchmark DSL),G7,Banking/Wallet & Receipts in .lll,Statements.Lll — G7-10,Finance,Build 'statements.lll' for Banking/Wallet & Receipts in .lll with .lll-as-source-of-truth; generate AOT where possible; no business logic in TCB.,"['statements.lll.lll', 'statements.lll_tests.lll']","['Reproducible builds; deterministic semantics', 'Meets target SLO/throughput for epic', 'Shadow-run parity with interpreter (where applicable)']","5D87D2CD,2C9C95E4,C08BC26A,2962122B,CB9C9B3C,85C66F75,773FF42E,2201FCF0,5930C038",3,LLL-Policy,Planned,2025-10-04T18:34:41.528413
5F260A5C,Greenfield #4 (Benchmark DSL),G8,Ledger & Columnar Indexing,Ledger-Append — G8-01,Storage,Build 'ledger-append' for Ledger & Columnar Indexing with .lll-as-source-of-truth; generate AOT where possible; no business logic in TCB.,"['ledger-append.rs_or_wasm', 'ledger-append_tests.lll']","['Reproducible builds; deterministic semantics', 'Meets target SLO/throughput for epic', 'Shadow-run parity with interpreter (where applicable)']","5D87D2CD,2C9C95E4,C08BC26A,2962122B,CB9C9B3C,85C66F75,773FF42E,2201FCF0,5930C038",4,LLL-Compiler,Planned,2025-10-04T18:34:41.528413
DBE5404E,Greenfield #4 (Benchmark DSL),G8,Ledger & Columnar Indexing,Columnar-Layout — G8-02,Storage,Build 'columnar-layout' for Ledger & Columnar Indexing with .lll-as-source-of-truth; generate AOT where possible; no business logic in TCB.,"['columnar-layout.rs_or_wasm', 'columnar-layout_tests.lll']","['Reproducible builds; deterministic semantics', 'Meets target SLO/throughput for epic', 'Shadow-run parity with interpreter (where applicable)']","5D87D2CD,2C9C95E4,C08BC26A,2962122B,CB9C9B3C,85C66F75,773FF42E,2201FCF0,5930C038",3,LLL-Docs,Planned,2025-10-04T18:34:41.528413
38093B85,Greenfield #4 (Benchmark DSL),G8,Ledger & Columnar Indexing,Arrow-Export — G8-03,Storage,Build 'arrow-export' for Ledger & Columnar Indexing with .lll-as-source-of-truth; generate AOT where possible; no business logic in TCB.,"['arrow-export.rs_or_wasm', 'arrow-export_tests.lll']","['Reproducible builds; deterministic semantics', 'Meets target SLO/throughput for epic', 'Shadow-run parity with interpreter (where applicable)']","5D87D2CD,2C9C95E4,C08BC26A,2962122B,CB9C9B3C,85C66F75,773FF42E,2201FCF0,5930C038",4,LLL-Docs,Planned,2025-10-04T18:34:41.528413
C32F5D67,Greenfield #4 (Benchmark DSL),G8,Ledger & Columnar Indexing,Fts-Index — G8-04,Storage,Build 'fts-index' for Ledger & Columnar Indexing with .lll-as-source-of-truth; generate AOT where possible; no business logic in TCB.,"['fts-index.rs_or_wasm', 'fts-index_tests.lll']","['Reproducible builds; deterministic semantics', 'Meets target SLO/throughput for epic', 'Shadow-run parity with interpreter (where applicable)']","5D87D2CD,2C9C95E4,C08BC26A,2962122B,CB9C9B3C,85C66F75,773FF42E,2201FCF0,5930C038",3,LLL-Engine,Planned,2025-10-04T18:34:41.528413
282B129B,Greenfield #4 (Benchmark DSL),G8,Ledger & Columnar Indexing,Perfect-Hash — G8-05,Storage,Build 'perfect-hash' for Ledger & Columnar Indexing with .lll-as-source-of-truth; generate AOT where possible; no business logic in TCB.,"['perfect-hash.rs_or_wasm', 'perfect-hash_tests.lll']","['Reproducible builds; deterministic semantics', 'Meets target SLO/throughput for epic', 'Shadow-run parity with interpreter (where applicable)']","5D87D2CD,2C9C95E4,C08BC26A,2962122B,CB9C9B3C,85C66F75,773FF42E,2201FCF0,5930C038",4,LLL-Fed,Planned,2025-10-04T18:34:41.528413
9165572D,Greenfield #4 (Benchmark DSL),G8,Ledger & Columnar Indexing,Bloom-Filters — G8-06,Storage,Build 'bloom-filters' for Ledger & Columnar Indexing with .lll-as-source-of-truth; generate AOT where possible; no business logic in TCB.,"['bloom-filters.rs_or_wasm', 'bloom-filters_tests.lll']","['Reproducible builds; deterministic semantics', 'Meets target SLO/throughput for epic', 'Shadow-run parity with interpreter (where applicable)']","5D87D2CD,2C9C95E4,C08BC26A,2962122B,CB9C9B3C,85C66F75,773FF42E,2201FCF0,5930C038",5,LLL-Docs,Planned,2025-10-04T18:34:41.528413
4BC195EF,Greenfield #4 (Benchmark DSL),G8,Ledger & Columnar Indexing,Hotset-Cache — G8-07,Storage,Build 'hotset-cache' for Ledger & Columnar Indexing with .lll-as-source-of-truth; generate AOT where possible; no business logic in TCB.,"['hotset-cache.rs_or_wasm', 'hotset-cache_tests.lll']","['Reproducible builds; deterministic semantics', 'Meets target SLO/throughput for epic', 'Shadow-run parity with interpreter (where applicable)']","5D87D2CD,2C9C95E4,C08BC26A,2962122B,CB9C9B3C,85C66F75,773FF42E,2201FCF0,5930C038",5,LLL-Docs,Planned,2025-10-04T18:34:41.528413
77E1A1E1,Greenfield #4 (Benchmark DSL),G8,Ledger & Columnar Indexing,Snapshot-Writer — G8-08,Storage,Build 'snapshot-writer' for Ledger & Columnar Indexing with .lll-as-source-of-truth; generate AOT where possible; no business logic in TCB.,"['snapshot-writer.rs_or_wasm', 'snapshot-writer_tests.lll']","['Reproducible builds; deterministic semantics', 'Meets target SLO/throughput for epic', 'Shadow-run parity with interpreter (where applicable)']","5D87D2CD,2C9C95E4,C08BC26A,2962122B,CB9C9B3C,85C66F75,773FF42E,2201FCF0,5930C038",3,LLL-Finance,Planned,2025-10-04T18:34:41.528413
A9ED4A8D,Greenfield #4 (Benchmark DSL),G8,Ledger & Columnar Indexing,Restore-Engine — G8-09,Storage,Build 'restore-engine' for Ledger & Columnar Indexing with .lll-as-source-of-truth; generate AOT where possible; no business logic in TCB.,"['restore-engine.rs_or_wasm', 'restore-engine_tests.lll']","['Reproducible builds; deterministic semantics', 'Meets target SLO/throughput for epic', 'Shadow-run parity with interpreter (where applicable)']","5D87D2CD,2C9C95E4,C08BC26A,2962122B,CB9C9B3C,85C66F75,773FF42E,2201FCF0,5930C038",4,LLL-Docs,Planned,2025-10-04T18:34:41.528413
D5553AC0,Greenfield #4 (Benchmark DSL),G8,Ledger & Columnar Indexing,Checksums — G8-10,Storage,Build 'checksums' for Ledger & Columnar Indexing with .lll-as-source-of-truth; generate AOT where possible; no business logic in TCB.,"['checksums.rs_or_wasm', 'checksums_tests.lll']","['Reproducible builds; deterministic semantics', 'Meets target SLO/throughput for epic', 'Shadow-run parity with interpreter (where applicable)']","5D87D2CD,2C9C95E4,C08BC26A,2962122B,CB9C9B3C,85C66F75,773FF42E,2201FCF0,5930C038",5,LLL-QA,Planned,2025-10-04T18:34:41.528413
5791E0ED,Greenfield #4 (Benchmark DSL),G9,Federation & Privacy,Sync-Policy.Lll — G9-01,Federation,Build 'sync-policy.lll' for Federation & Privacy with .lll-as-source-of-truth; generate AOT where possible; no business logic in TCB.,"['sync-policy.lll.lll', 'sync-policy.lll_tests.lll']","['Reproducible builds; deterministic semantics', 'Meets target SLO/throughput for epic', 'Shadow-run parity with interpreter (where applicable)']","5D87D2CD,2C9C95E4,C08BC26A,2962122B,CB9C9B3C,85C66F75,773FF42E,2201FCF0,5930C038",5,LLL-Policy,Planned,2025-10-04T18:34:41.528413
02F507C8,Greenfield #4 (Benchmark DSL),G9,Federation & Privacy,Privacy-Redaction.Lll — G9-02,Federation,Build 'privacy-redaction.lll' for Federation & Privacy with .lll-as-source-of-truth; generate AOT where possible; no business logic in TCB.,"['privacy-redaction.lll.lll', 'privacy-redaction.lll_tests.lll']","['Reproducible builds; deterministic semantics', 'Meets target SLO/throughput for epic', 'Shadow-run parity with interpreter (where applicable)']","5D87D2CD,2C9C95E4,C08BC26A,2962122B,CB9C9B3C,85C66F75,773FF42E,2201FCF0,5930C038",5,LLL-Finance,Planned,2025-10-04T18:34:41.528413
76BBEEF2,Greenfield #4 (Benchmark DSL),G9,Federation & Privacy,Pull-Push.Lll — G9-03,Federation,Build 'pull-push.lll' for Federation & Privacy with .lll-as-source-of-truth; generate AOT where possible; no business logic in TCB.,"['pull-push.lll.lll', 'pull-push.lll_tests.lll']","['Reproducible builds; deterministic semantics', 'Meets target SLO/throughput for epic', 'Shadow-run parity with interpreter (where applicable)']","5D87D2CD,2C9C95E4,C08BC26A,2962122B,CB9C9B3C,85C66F75,773FF42E,2201FCF0,5930C038",5,LLL-Policy,Planned,2025-10-04T18:34:41.528413
1862BDAE,Greenfield #4 (Benchmark DSL),G9,Federation & Privacy,Leases.Lll — G9-04,Federation,Build 'leases.lll' for Federation & Privacy with .lll-as-source-of-truth; generate AOT where possible; no business logic in TCB.,"['leases.lll.lll', 'leases.lll_tests.lll']","['Reproducible builds; deterministic semantics', 'Meets target SLO/throughput for epic', 'Shadow-run parity with interpreter (where applicable)']","5D87D2CD,2C9C95E4,C08BC26A,2962122B,CB9C9B3C,85C66F75,773FF42E,2201FCF0,5930C038",4,LLL-Runtime,Planned,2025-10-04T18:34:41.528413
BBEE89D8,Greenfield #4 (Benchmark DSL),G9,Federation & Privacy,Conflict-Resolve.Lll — G9-05,Federation,Build 'conflict-resolve.lll' for Federation & Privacy with .lll-as-source-of-truth; generate AOT where possible; no business logic in TCB.,"['conflict-resolve.lll.lll', 'conflict-resolve.lll_tests.lll']","['Reproducible builds; deterministic semantics', 'Meets target SLO/throughput for epic', 'Shadow-run parity with interpreter (where applicable)']","5D87D2CD,2C9C95E4,C08BC26A,2962122B,CB9C9B3C,85C66F75,773FF42E,2201FCF0,5930C038",4,LLL-Engine,Planned,2025-10-04T18:34:41.528413
C2A5A6BA,Greenfield #4 (Benchmark DSL),G9,Federation & Privacy,Cross-Sign.Lll — G9-06,Federation,Build 'cross-sign.lll' for Federation & Privacy with .lll-as-source-of-truth; generate AOT where possible; no business logic in TCB.,"['cross-sign.lll.lll', 'cross-sign.lll_tests.lll']","['Reproducible builds; deterministic semantics', 'Meets target SLO/throughput for epic', 'Shadow-run parity with interpreter (where applicable)']","5D87D2CD,2C9C95E4,C08BC26A,2962122B,CB9C9B3C,85C66F75,773FF42E,2201FCF0,5930C038",4,LLL-QA,Planned,2025-10-04T18:34:41.528413
2CBED710,Greenfield #4 (Benchmark DSL),G9,Federation & Privacy,Tenant-Filters.Lll — G9-07,Federation,Build 'tenant-filters.lll' for Federation & Privacy with .lll-as-source-of-truth; generate AOT where possible; no business logic in TCB.,"['tenant-filters.lll.lll', 'tenant-filters.lll_tests.lll']","['Reproducible builds; deterministic semantics', 'Meets target SLO/throughput for epic', 'Shadow-run parity with interpreter (where applicable)']","5D87D2CD,2C9C95E4,C08BC26A,2962122B,CB9C9B3C,85C66F75,773FF42E,2201FCF0,5930C038",4,LLL-Engine,Planned,2025-10-04T18:34:41.528413
227C1A18,Greenfield #4 (Benchmark DSL),G9,Federation & Privacy,Federation-Metrics.Lll — G9-08,Federation,Build 'federation-metrics.lll' for Federation & Privacy with .lll-as-source-of-truth; generate AOT where possible; no business logic in TCB.,"['federation-metrics.lll.lll', 'federation-metrics.lll_tests.lll']","['Reproducible builds; deterministic semantics', 'Meets target SLO/throughput for epic', 'Shadow-run parity with interpreter (where applicable)']","5D87D2CD,2C9C95E4,C08BC26A,2962122B,CB9C9B3C,85C66F75,773FF42E,2201FCF0,5930C038",3,LLL-Infra,Planned,2025-10-04T18:34:41.528413
EEB1B3A6,Greenfield #4 (Benchmark DSL),G9,Federation & Privacy,Quota.Lll — G9-09,Federation,Build 'quota.lll' for Federation & Privacy with .lll-as-source-of-truth; generate AOT where possible; no business logic in TCB.,"['quota.lll.lll', 'quota.lll_tests.lll']","['Reproducible builds; deterministic semantics', 'Meets target SLO/throughput for epic', 'Shadow-run parity with interpreter (where applicable)']","5D87D2CD,2C9C95E4,C08BC26A,2962122B,CB9C9B3C,85C66F75,773FF42E,2201FCF0,5930C038",3,LLL-Policy,Planned,2025-10-04T18:34:41.528413
A446523A,Greenfield #4 (Benchmark DSL),G10,Observability & Trace Synthesis,Metrics-Map.Lll — G10-01,Observability,Build 'metrics-map.lll' for Observability & Trace Synthesis with .lll-as-source-of-truth; generate AOT where possible; no business logic in TCB.,"['metrics-map.lll.lll', 'metrics-map.lll_tests.lll']","['Reproducible builds; deterministic semantics', 'Meets target SLO/throughput for epic', 'Shadow-run parity with interpreter (where applicable)']","5D87D2CD,2C9C95E4,C08BC26A,2962122B,CB9C9B3C,85C66F75,773FF42E,2201FCF0,5930C038",4,LLL-Engine,Planned,2025-10-04T18:34:41.528413
4F68013E,Greenfield #4 (Benchmark DSL),G10,Observability & Trace Synthesis,Trace-Links.Lll — G10-02,Observability,Build 'trace-links.lll' for Observability & Trace Synthesis with .lll-as-source-of-truth; generate AOT where possible; no business logic in TCB.,"['trace-links.lll.lll', 'trace-links.lll_tests.lll']","['Reproducible builds; deterministic semantics', 'Meets target SLO/throughput for epic', 'Shadow-run parity with interpreter (where applicable)']","5D87D2CD,2C9C95E4,C08BC26A,2962122B,CB9C9B3C,85C66F75,773FF42E,2201FCF0,5930C038",3,LLL-Fed,Planned,2025-10-04T18:34:41.528413
BC6C8E5B,Greenfield #4 (Benchmark DSL),G10,Observability & Trace Synthesis,Delta_S-Hist.Lll — G10-03,Observability,Build 'delta_s-hist.lll' for Observability & Trace Synthesis with .lll-as-source-of-truth; generate AOT where possible; no business logic in TCB.,"['delta_s-hist.lll.lll', 'delta_s-hist.lll_tests.lll']","['Reproducible builds; deterministic semantics', 'Meets target SLO/throughput for epic', 'Shadow-run parity with interpreter (where applicable)']","5D87D2CD,2C9C95E4,C08BC26A,2962122B,CB9C9B3C,85C66F75,773FF42E,2201FCF0,5930C038",3,LLL-Finance,Planned,2025-10-04T18:34:41.528413
C97162B2,Greenfield #4 (Benchmark DSL),G10,Observability & Trace Synthesis,Error-Rate.Lll — G10-04,Observability,Build 'error-rate.lll' for Observability & Trace Synthesis with .lll-as-source-of-truth; generate AOT where possible; no business logic in TCB.,"['error-rate.lll.lll', 'error-rate.lll_tests.lll']","['Reproducible builds; deterministic semantics', 'Meets target SLO/throughput for epic', 'Shadow-run parity with interpreter (where applicable)']","5D87D2CD,2C9C95E4,C08BC26A,2962122B,CB9C9B3C,85C66F75,773FF42E,2201FCF0,5930C038",3,LLL-QA,Planned,2025-10-04T18:34:41.528413
FB823391,Greenfield #4 (Benchmark DSL),G10,Observability & Trace Synthesis,Lag-Alarms.Lll — G10-05,Observability,Build 'lag-alarms.lll' for Observability & Trace Synthesis with .lll-as-source-of-truth; generate AOT where possible; no business logic in TCB.,"['lag-alarms.lll.lll', 'lag-alarms.lll_tests.lll']","['Reproducible builds; deterministic semantics', 'Meets target SLO/throughput for epic', 'Shadow-run parity with interpreter (where applicable)']","5D87D2CD,2C9C95E4,C08BC26A,2962122B,CB9C9B3C,85C66F75,773FF42E,2201FCF0,5930C038",3,LLL-Engine,Planned,2025-10-04T18:34:41.528413
045CBA3E,Greenfield #4 (Benchmark DSL),G10,Observability & Trace Synthesis,Thresholds.Lll — G10-06,Observability,Build 'thresholds.lll' for Observability & Trace Synthesis with .lll-as-source-of-truth; generate AOT where possible; no business logic in TCB.,"['thresholds.lll.lll', 'thresholds.lll_tests.lll']","['Reproducible builds; deterministic semantics', 'Meets target SLO/throughput for epic', 'Shadow-run parity with interpreter (where applicable)']","5D87D2CD,2C9C95E4,C08BC26A,2962122B,CB9C9B3C,85C66F75,773FF42E,2201FCF0,5930C038",4,LLL-QA,Planned,2025-10-04T18:34:41.528413
15261131,Greenfield #4 (Benchmark DSL),G10,Observability & Trace Synthesis,Sampling.Lll — G10-07,Observability,Build 'sampling.lll' for Observability & Trace Synthesis with .lll-as-source-of-truth; generate AOT where possible; no business logic in TCB.,"['sampling.lll.lll', 'sampling.lll_tests.lll']","['Reproducible builds; deterministic semantics', 'Meets target SLO/throughput for epic', 'Shadow-run parity with interpreter (where applicable)']","5D87D2CD,2C9C95E4,C08BC26A,2962122B,CB9C9B3C,85C66F75,773FF42E,2201FCF0,5930C038",3,LLL-Policy,Planned,2025-10-04T18:34:41.528413
0A46D6A3,Greenfield #4 (Benchmark DSL),G10,Observability & Trace Synthesis,Export-Prom.Lll — G10-08,Observability,Build 'export-prom.lll' for Observability & Trace Synthesis with .lll-as-source-of-truth; generate AOT where possible; no business logic in TCB.,"['export-prom.lll.lll', 'export-prom.lll_tests.lll']","['Reproducible builds; deterministic semantics', 'Meets target SLO/throughput for epic', 'Shadow-run parity with interpreter (where applicable)']","5D87D2CD,2C9C95E4,C08BC26A,2962122B,CB9C9B3C,85C66F75,773FF42E,2201FCF0,5930C038",3,LLL-Infra,Planned,2025-10-04T18:34:41.528413
1AD28D01,Greenfield #4 (Benchmark DSL),G11,Exports & Compliance,Export-Ndjson.Lll — G11-01,Egress,Build 'export-ndjson.lll' for Exports & Compliance with .lll-as-source-of-truth; generate AOT where possible; no business logic in TCB.,"['export-ndjson.lll.lll', 'export-ndjson.lll_tests.lll']","['Reproducible builds; deterministic semantics', 'Meets target SLO/throughput for epic', 'Shadow-run parity with interpreter (where applicable)']","5D87D2CD,2C9C95E4,C08BC26A,2962122B,CB9C9B3C,85C66F75,773FF42E,2201FCF0,5930C038",5,LLL-Infra,Planned,2025-10-04T18:34:41.528413
7D93D449,Greenfield #4 (Benchmark DSL),G11,Exports & Compliance,Export-Saft.Lll — G11-02,Egress,Build 'export-saft.lll' for Exports & Compliance with .lll-as-source-of-truth; generate AOT where possible; no business logic in TCB.,"['export-saft.lll.lll', 'export-saft.lll_tests.lll']","['Reproducible builds; deterministic semantics', 'Meets target SLO/throughput for epic', 'Shadow-run parity with interpreter (where applicable)']","5D87D2CD,2C9C95E4,C08BC26A,2962122B,CB9C9B3C,85C66F75,773FF42E,2201FCF0,5930C038",4,LLL-Infra,Planned,2025-10-04T18:34:41.528413
756FE014,Greenfield #4 (Benchmark DSL),G11,Exports & Compliance,Export-Csv.Lll — G11-03,Egress,Build 'export-csv.lll' for Exports & Compliance with .lll-as-source-of-truth; generate AOT where possible; no business logic in TCB.,"['export-csv.lll.lll', 'export-csv.lll_tests.lll']","['Reproducible builds; deterministic semantics', 'Meets target SLO/throughput for epic', 'Shadow-run parity with interpreter (where applicable)']","5D87D2CD,2C9C95E4,C08BC26A,2962122B,CB9C9B3C,85C66F75,773FF42E,2201FCF0,5930C038",3,LLL-Fed,Planned,2025-10-04T18:34:41.528413
781F59DC,Greenfield #4 (Benchmark DSL),G11,Exports & Compliance,Package-Sign.Lll — G11-04,Egress,Build 'package-sign.lll' for Exports & Compliance with .lll-as-source-of-truth; generate AOT where possible; no business logic in TCB.,"['package-sign.lll.lll', 'package-sign.lll_tests.lll']","['Reproducible builds; deterministic semantics', 'Meets target SLO/throughput for epic', 'Shadow-run parity with interpreter (where applicable)']","5D87D2CD,2C9C95E4,C08BC26A,2962122B,CB9C9B3C,85C66F75,773FF42E,2201FCF0,5930C038",4,LLL-Engine,Planned,2025-10-04T18:34:41.528413
8A7AA797,Greenfield #4 (Benchmark DSL),G11,Exports & Compliance,Egress-Api.Lll — G11-05,Egress,Build 'egress-api.lll' for Exports & Compliance with .lll-as-source-of-truth; generate AOT where possible; no business logic in TCB.,"['egress-api.lll.lll', 'egress-api.lll_tests.lll']","['Reproducible builds; deterministic semantics', 'Meets target SLO/throughput for epic', 'Shadow-run parity with interpreter (where applicable)']","5D87D2CD,2C9C95E4,C08BC26A,2962122B,CB9C9B3C,85C66F75,773FF42E,2201FCF0,5930C038",4,LLL-Compiler,Planned,2025-10-04T18:34:41.528413
34D2ADA6,Greenfield #4 (Benchmark DSL),G11,Exports & Compliance,Validator-Ext.Lll — G11-06,Egress,Build 'validator-ext.lll' for Exports & Compliance with .lll-as-source-of-truth; generate AOT where possible; no business logic in TCB.,"['validator-ext.lll.lll', 'validator-ext.lll_tests.lll']","['Reproducible builds; deterministic semantics', 'Meets target SLO/throughput for epic', 'Shadow-run parity with interpreter (where applicable)']","5D87D2CD,2C9C95E4,C08BC26A,2962122B,CB9C9B3C,85C66F75,773FF42E,2201FCF0,5930C038",4,LLL-Docs,Planned,2025-10-04T18:34:41.528413
669E2FC0,Greenfield #4 (Benchmark DSL),G11,Exports & Compliance,Catalog.Lll — G11-07,Egress,Build 'catalog.lll' for Exports & Compliance with .lll-as-source-of-truth; generate AOT where possible; no business logic in TCB.,"['catalog.lll.lll', 'catalog.lll_tests.lll']","['Reproducible builds; deterministic semantics', 'Meets target SLO/throughput for epic', 'Shadow-run parity with interpreter (where applicable)']","5D87D2CD,2C9C95E4,C08BC26A,2962122B,CB9C9B3C,85C66F75,773FF42E,2201FCF0,5930C038",4,LLL-QA,Planned,2025-10-04T18:34:41.528413
4196A813,Greenfield #4 (Benchmark DSL),G11,Exports & Compliance,Retention-Manifest.Lll — G11-08,Egress,Build 'retention-manifest.lll' for Exports & Compliance with .lll-as-source-of-truth; generate AOT where possible; no business logic in TCB.,"['retention-manifest.lll.lll', 'retention-manifest.lll_tests.lll']","['Reproducible builds; deterministic semantics', 'Meets target SLO/throughput for epic', 'Shadow-run parity with interpreter (where applicable)']","5D87D2CD,2C9C95E4,C08BC26A,2962122B,CB9C9B3C,85C66F75,773FF42E,2201FCF0,5930C038",3,LLL-Infra,Planned,2025-10-04T18:34:41.528413
348B6AFE,Greenfield #4 (Benchmark DSL),G12,UI Bindings & Hot-reload,Ws-Topics.Lll — G12-01,UI,Build 'ws-topics.lll' for UI Bindings & Hot-reload with .lll-as-source-of-truth; generate AOT where possible; no business logic in TCB.,"['ws-topics.lll.lll', 'ws-topics.lll_tests.lll']","['Reproducible builds; deterministic semantics', 'Meets target SLO/throughput for epic', 'Shadow-run parity with interpreter (where applicable)']","5D87D2CD,2C9C95E4,C08BC26A,2962122B,CB9C9B3C,85C66F75,773FF42E,2201FCF0,5930C038",4,LLL-Docs,Planned,2025-10-04T18:34:41.528413
F279DB76,Greenfield #4 (Benchmark DSL),G12,UI Bindings & Hot-reload,Panel-Bindings.Lll — G12-02,UI,Build 'panel-bindings.lll' for UI Bindings & Hot-reload with .lll-as-source-of-truth; generate AOT where possible; no business logic in TCB.,"['panel-bindings.lll.lll', 'panel-bindings.lll_tests.lll']","['Reproducible builds; deterministic semantics', 'Meets target SLO/throughput for epic', 'Shadow-run parity with interpreter (where applicable)']","5D87D2CD,2C9C95E4,C08BC26A,2962122B,CB9C9B3C,85C66F75,773FF42E,2201FCF0,5930C038",5,LLL-Finance,Planned,2025-10-04T18:34:41.528413
0B2EAE81,Greenfield #4 (Benchmark DSL),G12,UI Bindings & Hot-reload,Hot-Reload-Ui.Lll — G12-03,UI,Build 'hot-reload-ui.lll' for UI Bindings & Hot-reload with .lll-as-source-of-truth; generate AOT where possible; no business logic in TCB.,"['hot-reload-ui.lll.lll', 'hot-reload-ui.lll_tests.lll']","['Reproducible builds; deterministic semantics', 'Meets target SLO/throughput for epic', 'Shadow-run parity with interpreter (where applicable)']","5D87D2CD,2C9C95E4,C08BC26A,2962122B,CB9C9B3C,85C66F75,773FF42E,2201FCF0,5930C038",5,LLL-Engine,Planned,2025-10-04T18:34:41.528413
27A2502E,Greenfield #4 (Benchmark DSL),G12,UI Bindings & Hot-reload,A11Y.Lll — G12-04,UI,Build 'a11y.lll' for UI Bindings & Hot-reload with .lll-as-source-of-truth; generate AOT where possible; no business logic in TCB.,"['a11y.lll.lll', 'a11y.lll_tests.lll']","['Reproducible builds; deterministic semantics', 'Meets target SLO/throughput for epic', 'Shadow-run parity with interpreter (where applicable)']","5D87D2CD,2C9C95E4,C08BC26A,2962122B,CB9C9B3C,85C66F75,773FF42E,2201FCF0,5930C038",3,LLL-Policy,Planned,2025-10-04T18:34:41.528413
A88BDC0C,Greenfield #4 (Benchmark DSL),G12,UI Bindings & Hot-reload,Offline-Cache.Lll — G12-05,UI,Build 'offline-cache.lll' for UI Bindings & Hot-reload with .lll-as-source-of-truth; generate AOT where possible; no business logic in TCB.,"['offline-cache.lll.lll', 'offline-cache.lll_tests.lll']","['Reproducible builds; deterministic semantics', 'Meets target SLO/throughput for epic', 'Shadow-run parity with interpreter (where applicable)']","5D87D2CD,2C9C95E4,C08BC26A,2962122B,CB9C9B3C,85C66F75,773FF42E,2201FCF0,5930C038",3,LLL-Engine,Planned,2025-10-04T18:34:41.528413
668E2454,Greenfield #4 (Benchmark DSL),G12,UI Bindings & Hot-reload,Fts-Search.Lll — G12-06,UI,Build 'fts-search.lll' for UI Bindings & Hot-reload with .lll-as-source-of-truth; generate AOT where possible; no business logic in TCB.,"['fts-search.lll.lll', 'fts-search.lll_tests.lll']","['Reproducible builds; deterministic semantics', 'Meets target SLO/throughput for epic', 'Shadow-run parity with interpreter (where applicable)']","5D87D2CD,2C9C95E4,C08BC26A,2962122B,CB9C9B3C,85C66F75,773FF42E,2201FCF0,5930C038",4,LLL-Finance,Planned,2025-10-04T18:34:41.528413
71C1C1E9,Greenfield #4 (Benchmark DSL),G12,UI Bindings & Hot-reload,Theme.Lll — G12-07,UI,Build 'theme.lll' for UI Bindings & Hot-reload with .lll-as-source-of-truth; generate AOT where possible; no business logic in TCB.,"['theme.lll.lll', 'theme.lll_tests.lll']","['Reproducible builds; deterministic semantics', 'Meets target SLO/throughput for epic', 'Shadow-run parity with interpreter (where applicable)']","5D87D2CD,2C9C95E4,C08BC26A,2962122B,CB9C9B3C,85C66F75,773FF42E,2201FCF0,5930C038",3,LLL-Runtime,Planned,2025-10-04T18:34:41.528413
F70DC1F0,Greenfield #4 (Benchmark DSL),G12,UI Bindings & Hot-reload,Ui-Tests.Lll — G12-08,UI,Build 'ui-tests.lll' for UI Bindings & Hot-reload with .lll-as-source-of-truth; generate AOT where possible; no business logic in TCB.,"['ui-tests.lll.lll', 'ui-tests.lll_tests.lll']","['Reproducible builds; deterministic semantics', 'Meets target SLO/throughput for epic', 'Shadow-run parity with interpreter (where applicable)']","5D87D2CD,2C9C95E4,C08BC26A,2962122B,CB9C9B3C,85C66F75,773FF42E,2201FCF0,5930C038",4,LLL-Runtime,Planned,2025-10-04T18:34:41.528413
2D2B2C21,Greenfield #4 (Benchmark DSL),G13,Bench Suite & Shadow-Run,Bench-Ingress — G13-01,QA/Perf,Build 'bench-ingress' for Bench Suite & Shadow-Run with .lll-as-source-of-truth; generate AOT where possible; no business logic in TCB.,"['bench-ingress.rs_or_wasm', 'bench-ingress_tests.lll']","['Reproducible builds; deterministic semantics', 'Meets target SLO/throughput for epic', 'Shadow-run parity with interpreter (where applicable)']","5D87D2CD,2C9C95E4,C08BC26A,2962122B,CB9C9B3C,85C66F75,773FF42E,2201FCF0,5930C038",4,LLL-Finance,Planned,2025-10-04T18:34:41.528413
CA0F9870,Greenfield #4 (Benchmark DSL),G13,Bench Suite & Shadow-Run,Bench-Ledger — G13-02,QA/Perf,Build 'bench-ledger' for Bench Suite & Shadow-Run with .lll-as-source-of-truth; generate AOT where possible; no business logic in TCB.,"['bench-ledger.rs_or_wasm', 'bench-ledger_tests.lll']","['Reproducible builds; deterministic semantics', 'Meets target SLO/throughput for epic', 'Shadow-run parity with interpreter (where applicable)']","5D87D2CD,2C9C95E4,C08BC26A,2962122B,CB9C9B3C,85C66F75,773FF42E,2201FCF0,5930C038",4,LLL-Runtime,Planned,2025-10-04T18:34:41.528413
4D2A4B95,Greenfield #4 (Benchmark DSL),G13,Bench Suite & Shadow-Run,Bench-Workflow — G13-03,QA/Perf,Build 'bench-workflow' for Bench Suite & Shadow-Run with .lll-as-source-of-truth; generate AOT where possible; no business logic in TCB.,"['bench-workflow.rs_or_wasm', 'bench-workflow_tests.lll']","['Reproducible builds; deterministic semantics', 'Meets target SLO/throughput for epic', 'Shadow-run parity with interpreter (where applicable)']","5D87D2CD,2C9C95E4,C08BC26A,2962122B,CB9C9B3C,85C66F75,773FF42E,2201FCF0,5930C038",5,LLL-Docs,Planned,2025-10-04T18:34:41.528413
7A4E93A3,Greenfield #4 (Benchmark DSL),G13,Bench Suite & Shadow-Run,Bench-Receipts — G13-04,QA/Perf,Build 'bench-receipts' for Bench Suite & Shadow-Run with .lll-as-source-of-truth; generate AOT where possible; no business logic in TCB.,"['bench-receipts.rs_or_wasm', 'bench-receipts_tests.lll']","['Reproducible builds; deterministic semantics', 'Meets target SLO/throughput for epic', 'Shadow-run parity with interpreter (where applicable)']","5D87D2CD,2C9C95E4,C08BC26A,2962122B,CB9C9B3C,85C66F75,773FF42E,2201FCF0,5930C038",5,LLL-QA,Planned,2025-10-04T18:34:41.528413
E1B6051E,Greenfield #4 (Benchmark DSL),G13,Bench Suite & Shadow-Run,Bench-Query — G13-05,QA/Perf,Build 'bench-query' for Bench Suite & Shadow-Run with .lll-as-source-of-truth; generate AOT where possible; no business logic in TCB.,"['bench-query.rs_or_wasm', 'bench-query_tests.lll']","['Reproducible builds; deterministic semantics', 'Meets target SLO/throughput for epic', 'Shadow-run parity with interpreter (where applicable)']","5D87D2CD,2C9C95E4,C08BC26A,2962122B,CB9C9B3C,85C66F75,773FF42E,2201FCF0,5930C038",4,LLL-Engine,Planned,2025-10-04T18:34:41.528413
EF7EFA93,Greenfield #4 (Benchmark DSL),G13,Bench Suite & Shadow-Run,Shadow-Runner — G13-06,QA/Perf,Build 'shadow-runner' for Bench Suite & Shadow-Run with .lll-as-source-of-truth; generate AOT where possible; no business logic in TCB.,"['shadow-runner.rs_or_wasm', 'shadow-runner_tests.lll']","['Reproducible builds; deterministic semantics', 'Meets target SLO/throughput for epic', 'Shadow-run parity with interpreter (where applicable)']","5D87D2CD,2C9C95E4,C08BC26A,2962122B,CB9C9B3C,85C66F75,773FF42E,2201FCF0,5930C038",4,LLL-Compiler,Planned,2025-10-04T18:34:41.528413
C6F548EA,Greenfield #4 (Benchmark DSL),G13,Bench Suite & Shadow-Run,Corpus-Gen — G13-07,QA/Perf,Build 'corpus-gen' for Bench Suite & Shadow-Run with .lll-as-source-of-truth; generate AOT where possible; no business logic in TCB.,"['corpus-gen.rs_or_wasm', 'corpus-gen_tests.lll']","['Reproducible builds; deterministic semantics', 'Meets target SLO/throughput for epic', 'Shadow-run parity with interpreter (where applicable)']","5D87D2CD,2C9C95E4,C08BC26A,2962122B,CB9C9B3C,85C66F75,773FF42E,2201FCF0,5930C038",3,LLL-Infra,Planned,2025-10-04T18:34:41.528413
8EE89173,Greenfield #4 (Benchmark DSL),G13,Bench Suite & Shadow-Run,Perf-Regression — G13-08,QA/Perf,Build 'perf-regression' for Bench Suite & Shadow-Run with .lll-as-source-of-truth; generate AOT where possible; no business logic in TCB.,"['perf-regression.rs_or_wasm', 'perf-regression_tests.lll']","['Reproducible builds; deterministic semantics', 'Meets target SLO/throughput for epic', 'Shadow-run parity with interpreter (where applicable)']","5D87D2CD,2C9C95E4,C08BC26A,2962122B,CB9C9B3C,85C66F75,773FF42E,2201FCF0,5930C038",3,LLL-Finance,Planned,2025-10-04T18:34:41.528413
3DB593FC,Greenfield #4 (Benchmark DSL),G13,Bench Suite & Shadow-Run,Pgo-Cycle — G13-09,QA/Perf,Build 'pgo-cycle' for Bench Suite & Shadow-Run with .lll-as-source-of-truth; generate AOT where possible; no business logic in TCB.,"['pgo-cycle.rs_or_wasm', 'pgo-cycle_tests.lll']","['Reproducible builds; deterministic semantics', 'Meets target SLO/throughput for epic', 'Shadow-run parity with interpreter (where applicable)']","5D87D2CD,2C9C95E4,C08BC26A,2962122B,CB9C9B3C,85C66F75,773FF42E,2201FCF0,5930C038",3,LLL-Engine,Planned,2025-10-04T18:34:41.528413
940DDFFA,Greenfield #4 (Benchmark DSL),G13,Bench Suite & Shadow-Run,Dashboards — G13-10,QA/Perf,Build 'dashboards' for Bench Suite & Shadow-Run with .lll-as-source-of-truth; generate AOT where possible; no business logic in TCB.,"['dashboards.rs_or_wasm', 'dashboards_tests.lll']","['Reproducible builds; deterministic semantics', 'Meets target SLO/throughput for epic', 'Shadow-run parity with interpreter (where applicable)']","5D87D2CD,2C9C95E4,C08BC26A,2962122B,CB9C9B3C,85C66F75,773FF42E,2201FCF0,5930C038",4,LLL-Engine,Planned,2025-10-04T18:34:41.528413
742A282D,Greenfield #4 (Benchmark DSL),G14,Supply Chain & Signing,Key-Mgmt — G14-01,SupplyChain,Build 'key-mgmt' for Supply Chain & Signing with .lll-as-source-of-truth; generate AOT where possible; no business logic in TCB.,"['key-mgmt.rs_or_wasm', 'key-mgmt_tests.lll']","['Reproducible builds; deterministic semantics', 'Meets target SLO/throughput for epic', 'Shadow-run parity with interpreter (where applicable)']","5D87D2CD,2C9C95E4,C08BC26A,2962122B,CB9C9B3C,85C66F75,773FF42E,2201FCF0,5930C038",5,LLL-Policy,Planned,2025-10-04T18:34:41.528413
8762A3BB,Greenfield #4 (Benchmark DSL),G14,Supply Chain & Signing,Supply-Sign — G14-02,SupplyChain,Build 'supply-sign' for Supply Chain & Signing with .lll-as-source-of-truth; generate AOT where possible; no business logic in TCB.,"['supply-sign.rs_or_wasm', 'supply-sign_tests.lll']","['Reproducible builds; deterministic semantics', 'Meets target SLO/throughput for epic', 'Shadow-run parity with interpreter (where applicable)']","5D87D2CD,2C9C95E4,C08BC26A,2962122B,CB9C9B3C,85C66F75,773FF42E,2201FCF0,5930C038",3,LLL-Finance,Planned,2025-10-04T18:34:41.528413
CE195497,Greenfield #4 (Benchmark DSL),G14,Supply Chain & Signing,Verify-On-Load — G14-03,SupplyChain,Build 'verify-on-load' for Supply Chain & Signing with .lll-as-source-of-truth; generate AOT where possible; no business logic in TCB.,"['verify-on-load.rs_or_wasm', 'verify-on-load_tests.lll']","['Reproducible builds; deterministic semantics', 'Meets target SLO/throughput for epic', 'Shadow-run parity with interpreter (where applicable)']","5D87D2CD,2C9C95E4,C08BC26A,2962122B,CB9C9B3C,85C66F75,773FF42E,2201FCF0,5930C038",3,LLL-QA,Planned,2025-10-04T18:34:41.528413
4B3790B6,Greenfield #4 (Benchmark DSL),G14,Supply Chain & Signing,Attest-Manifest — G14-04,SupplyChain,Build 'attest-manifest' for Supply Chain & Signing with .lll-as-source-of-truth; generate AOT where possible; no business logic in TCB.,"['attest-manifest.rs_or_wasm', 'attest-manifest_tests.lll']","['Reproducible builds; deterministic semantics', 'Meets target SLO/throughput for epic', 'Shadow-run parity with interpreter (where applicable)']","5D87D2CD,2C9C95E4,C08BC26A,2962122B,CB9C9B3C,85C66F75,773FF42E,2201FCF0,5930C038",3,LLL-Fed,Planned,2025-10-04T18:34:41.528413
23C52E06,Greenfield #4 (Benchmark DSL),G14,Supply Chain & Signing,Sbom — G14-05,SupplyChain,Build 'sbom' for Supply Chain & Signing with .lll-as-source-of-truth; generate AOT where possible; no business logic in TCB.,"['sbom.rs_or_wasm', 'sbom_tests.lll']","['Reproducible builds; deterministic semantics', 'Meets target SLO/throughput for epic', 'Shadow-run parity with interpreter (where applicable)']","5D87D2CD,2C9C95E4,C08BC26A,2962122B,CB9C9B3C,85C66F75,773FF42E,2201FCF0,5930C038",5,LLL-Infra,Planned,2025-10-04T18:34:41.528413
02750AF9,Greenfield #4 (Benchmark DSL),G15,Profiles & Packaging,Profiles.Dev — G15-01,Deploy,Build 'profiles.dev' for Profiles & Packaging with .lll-as-source-of-truth; generate AOT where possible; no business logic in TCB.,"['profiles.dev.rs_or_wasm', 'profiles.dev_tests.lll']","['Reproducible builds; deterministic semantics', 'Meets target SLO/throughput for epic', 'Shadow-run parity with interpreter (where applicable)']","5D87D2CD,2C9C95E4,C08BC26A,2962122B,CB9C9B3C,85C66F75,773FF42E,2201FCF0,5930C038",4,LLL-Runtime,Planned,2025-10-04T18:34:41.528413
17B3F437,Greenfield #4 (Benchmark DSL),G15,Profiles & Packaging,Profiles.Single — G15-02,Deploy,Build 'profiles.single' for Profiles & Packaging with .lll-as-source-of-truth; generate AOT where possible; no business logic in TCB.,"['profiles.single.rs_or_wasm', 'profiles.single_tests.lll']","['Reproducible builds; deterministic semantics', 'Meets target SLO/throughput for epic', 'Shadow-run parity with interpreter (where applicable)']","5D87D2CD,2C9C95E4,C08BC26A,2962122B,CB9C9B3C,85C66F75,773FF42E,2201FCF0,5930C038",3,LLL-Docs,Planned,2025-10-04T18:34:41.528413
EF6B6B14,Greenfield #4 (Benchmark DSL),G15,Profiles & Packaging,Profiles.Federated — G15-03,Deploy,Build 'profiles.federated' for Profiles & Packaging with .lll-as-source-of-truth; generate AOT where possible; no business logic in TCB.,"['profiles.federated.rs_or_wasm', 'profiles.federated_tests.lll']","['Reproducible builds; deterministic semantics', 'Meets target SLO/throughput for epic', 'Shadow-run parity with interpreter (where applicable)']","5D87D2CD,2C9C95E4,C08BC26A,2962122B,CB9C9B3C,85C66F75,773FF42E,2201FCF0,5930C038",3,LLL-Engine,Planned,2025-10-04T18:34:41.528413
457E9F0E,Greenfield #4 (Benchmark DSL),G15,Profiles & Packaging,Packaging — G15-04,Deploy,Build 'packaging' for Profiles & Packaging with .lll-as-source-of-truth; generate AOT where possible; no business logic in TCB.,"['packaging.rs_or_wasm', 'packaging_tests.lll']","['Reproducible builds; deterministic semantics', 'Meets target SLO/throughput for epic', 'Shadow-run parity with interpreter (where applicable)']","5D87D2CD,2C9C95E4,C08BC26A,2962122B,CB9C9B3C,85C66F75,773FF42E,2201FCF0,5930C038",3,LLL-Finance,Planned,2025-10-04T18:34:41.528413
93D614AC,Greenfield #4 (Benchmark DSL),G15,Profiles & Packaging,Upgrade-Protocol — G15-05,Deploy,Build 'upgrade-protocol' for Profiles & Packaging with .lll-as-source-of-truth; generate AOT where possible; no business logic in TCB.,"['upgrade-protocol.rs_or_wasm', 'upgrade-protocol_tests.lll']","['Reproducible builds; deterministic semantics', 'Meets target SLO/throughput for epic', 'Shadow-run parity with interpreter (where applicable)']","5D87D2CD,2C9C95E4,C08BC26A,2962122B,CB9C9B3C,85C66F75,773FF42E,2201FCF0,5930C038",3,LLL-Runtime,Planned,2025-10-04T18:34:41.528413
81D37449,Greenfield #4 (Benchmark DSL),G16,Ops & Resilience (snapshots/restore),Disaster-Recovery — G16-01,Ops,Build 'disaster-recovery' for Ops & Resilience (snapshots/restore) with .lll-as-source-of-truth; generate AOT where possible; no business logic in TCB.,"['disaster-recovery.rs_or_wasm', 'disaster-recovery_tests.lll']","['Reproducible builds; deterministic semantics', 'Meets target SLO/throughput for epic', 'Shadow-run parity with interpreter (where applicable)']","5D87D2CD,2C9C95E4,C08BC26A,2962122B,CB9C9B3C,85C66F75,773FF42E,2201FCF0,5930C038",3,LLL-Finance,Planned,2025-10-04T18:34:41.528413
4AD870BD,Greenfield #4 (Benchmark DSL),G16,Ops & Resilience (snapshots/restore),Watchdog — G16-02,Ops,Build 'watchdog' for Ops & Resilience (snapshots/restore) with .lll-as-source-of-truth; generate AOT where possible; no business logic in TCB.,"['watchdog.rs_or_wasm', 'watchdog_tests.lll']","['Reproducible builds; deterministic semantics', 'Meets target SLO/throughput for epic', 'Shadow-run parity with interpreter (where applicable)']","5D87D2CD,2C9C95E4,C08BC26A,2962122B,CB9C9B3C,85C66F75,773FF42E,2201FCF0,5930C038",4,LLL-Docs,Planned,2025-10-04T18:34:41.528413
390CD711,Greenfield #4 (Benchmark DSL),G16,Ops & Resilience (snapshots/restore),Kill-Switches — G16-03,Ops,Build 'kill-switches' for Ops & Resilience (snapshots/restore) with .lll-as-source-of-truth; generate AOT where possible; no business logic in TCB.,"['kill-switches.rs_or_wasm', 'kill-switches_tests.lll']","['Reproducible builds; deterministic semantics', 'Meets target SLO/throughput for epic', 'Shadow-run parity with interpreter (where applicable)']","5D87D2CD,2C9C95E4,C08BC26A,2962122B,CB9C9B3C,85C66F75,773FF42E,2201FCF0,5930C038",3,LLL-Finance,Planned,2025-10-04T18:34:41.528413
920D5B90,Greenfield #4 (Benchmark DSL),G16,Ops & Resilience (snapshots/restore),Runbooks — G16-04,Ops,Build 'runbooks' for Ops & Resilience (snapshots/restore) with .lll-as-source-of-truth; generate AOT where possible; no business logic in TCB.,"['runbooks.rs_or_wasm', 'runbooks_tests.lll']","['Reproducible builds; deterministic semantics', 'Meets target SLO/throughput for epic', 'Shadow-run parity with interpreter (where applicable)']","5D87D2CD,2C9C95E4,C08BC26A,2962122B,CB9C9B3C,85C66F75,773FF42E,2201FCF0,5930C038",4,LLL-Docs,Planned,2025-10-04T18:34:41.528413
283046F7,Greenfield #4 (Benchmark DSL),G16,Ops & Resilience (snapshots/restore),Oncall — G16-05,Ops,Build 'oncall' for Ops & Resilience (snapshots/restore) with .lll-as-source-of-truth; generate AOT where possible; no business logic in TCB.,"['oncall.rs_or_wasm', 'oncall_tests.lll']","['Reproducible builds; deterministic semantics', 'Meets target SLO/throughput for epic', 'Shadow-run parity with interpreter (where applicable)']","5D87D2CD,2C9C95E4,C08BC26A,2962122B,CB9C9B3C,85C66F75,773FF42E,2201FCF0,5930C038",3,LLL-Finance,Planned,2025-10-04T18:34:41.528413
443FBD0E,Greenfield #4 (Benchmark DSL),G16,Ops & Resilience (snapshots/restore),Budget-Alarms — G16-06,Ops,Build 'budget-alarms' for Ops & Resilience (snapshots/restore) with .lll-as-source-of-truth; generate AOT where possible; no business logic in TCB.,"['budget-alarms.rs_or_wasm', 'budget-alarms_tests.lll']","['Reproducible builds; deterministic semantics', 'Meets target SLO/throughput for epic', 'Shadow-run parity with interpreter (where applicable)']","5D87D2CD,2C9C95E4,C08BC26A,2962122B,CB9C9B3C,85C66F75,773FF42E,2201FCF0,5930C038",4,LLL-Compiler,Planned,2025-10-04T18:34:41.528413
